Workbook

Sheet Electrical Progress
A1: C459 ELECTRICAL SYSTEM CONSTRUCTION PROGRESS REPORT - 24 WEEKS (W37 - W08)
A3: Weekly Executed Quantity & Progress % for 3 Contractors (HDC, NAUTICS, ST) and Total Project
A5: Contractor | B5: Work Item | C5: Unit | D5: Indicator | E5: Total Plan | F5: W37 | G5: W38 | H5: W39 | I5: W40 | J5: W41 | K5: W42 | L5: W43 | M5: W44 | N5: W45 | O5: W46 | P5: W47 | Q5: W48 | R5: W49 | S5: W50 | T5: W51 | U5: W52 | V5: W01 | W5: W02 | X5: W03 | Y5: W04 | Z5: W05 | AA5: W06 | AB5: W07 | AC5: W08 | AD5: Remarks
F6: Qty / Cumulative % | G6: Qty / Cumulative % | H6: Qty / Cumulative % | I6: Qty / Cumulative % | J6: Qty / Cumulative % | K6: Qty / Cumulative % | L6: Qty / Cumulative % | M6: Qty / Cumulative % | N6: Qty / Cumulative % | O6: Qty / Cumulative % | P6: Qty / Cumulative % | Q6: Qty / Cumulative % | R6: Qty / Cumulative % | S6: Qty / Cumulative % | T6: Qty / Cumulative % | U6: Qty / Cumulative % | V6: Qty / Cumulative % | W6: Qty / Cumulative % | X6: Qty / Cumulative % | Y6: Qty / Cumulative % | Z6: Qty / Cumulative % | AA6: Qty / Cumulative % | AB6: Qty / Cumulative % | AC6: Qty / Cumulative %
A7: HDC | B7: Cable Cutting | C7: m | D7: Cumulative Qty | E7: 30259 | F7: 20785 | G7: 20785 | H7: 25301 | I7: 26374 | J7: 26374 | K7: 27812 | L7: 29609 | M7: 29864
D8: HDC - Cable Cutting (%) | E8: 1 | F8: =F7/$E$7 | G8: =G7/$E$7 | H8: =H7/$E$7 | I8: =I7/$E$7 | J8: =IF(OR(J7="", ISBLANK(J7)), NA(), J7/$E$7) | K8: =IF(OR(K7="", ISBLANK(K7)), NA(), K7/$E$7) | L8: =IF(OR(L7="", ISBLANK(L7)), NA(), L7/$E$7) | M8: =IF(OR(M7="", ISBLANK(M7)), NA(), M7/$E$7) | N8: =IF(OR(N7="", ISBLANK(N7)), NA(), N7/$E$7) | O8: =IF(OR(O7="", ISBLANK(O7)), NA(), O7/$E$7) | P8: =IF(OR(P7="", ISBLANK(P7)), NA(), P7/$E$7) | Q8: =IF(OR(Q7="", ISBLANK(Q7)), NA(), Q7/$E$7) | ... AC8: =IF(OR(AC7="", ISBLANK(AC7)), NA(), AC7/$E$7)
B9: Cable Pulling | C9: m | D9: Cumulative Qty | E9: 30259 | F9: 0 | G9: 3396 | H9: 8333 | I9: 11403 | J9: 13427 | K9: 15892 | L9: 20582 | M9: 24906
D10: HDC - Cable Pulling (%) | E10: 1 | F10: =F9/$E$9 | G10: =G9/$E$9 | H10: =H9/$E$9 | I10: =I9/$E$9 | J10: =IF(OR(J9="", ISBLANK(J9)), NA(), J9/$E$9) | K10: =IF(OR(K9="", ISBLANK(K9)), NA(), K9/$E$9) | L10: =IF(OR(L9="", ISBLANK(L9)), NA(), L9/$E$9) | M10: =IF(OR(M9="", ISBLANK(M9)), NA(), M9/$E$9) | N10: =IF(OR(N9="", ISBLANK(N9)), NA(), N9/$E$9) | O10: =IF(OR(O9="", ISBLANK(O9)), NA(), O9/$E$9) | P10: =IF(OR(P9="", ISBLANK(P9)), NA(), P9/$E$9) | Q10: =IF(OR(Q9="", ISBLANK(Q9)), NA(), Q9/$E$9) | ... AC10: =IF(OR(AC9="", ISBLANK(AC9)), NA(), AC9/$E$9)
B11: Termination | C11: pts | D11: Cumulative Qty | E11: 2694 | F11: 0 | G11: 0 | H11: 0 | I11: 0 | J11: 0 | K11: 34 | L11: 116 | M11: 354
D12: HDC - Termination (%) | E12: 1 | F12: =F11/$E$11 | G12: =G11/$E$11 | H12: =H11/$E$11 | I12: =I11/$E$11 | J12: =IF(OR(J11="", ISBLANK(J11)), NA(), J11/$E$11) | K12: =IF(OR(K11="", ISBLANK(K11)), NA(), K11/$E$11) | L12: =IF(OR(L11="", ISBLANK(L11)), NA(), L11/$E$11) | M12: =IF(OR(M11="", ISBLANK(M11)), NA(), M11/$E$11) | N12: =IF(OR(N11="", ISBLANK(N11)), NA(), N11/$E$11) | O12: =IF(OR(O11="", ISBLANK(O11)), NA(), O11/$E$11) | P12: =IF(OR(P11="", ISBLANK(P11)), NA(), P11/$E$11) | Q12: =IF(OR(Q11="", ISBLANK(Q11)), NA(), Q11/$E$11) | ... AC12: =IF(OR(AC11="", ISBLANK(AC11)), NA(), AC11/$E$11)
A13: NAUTICS | B13: Cable Cutting | C13: m | D13: Cumulative Qty | E13: 26381 | F13: 22277 | G13: 22277 | H13: 22289 | I13: 22311 | J13: 22441 | K13: 21826 | L13: 22255 | M13: 22343
D14: NAUTICS - Cable Cutting (%) | E14: 1 | F14: =F13/$E$13 | G14: =G13/$E$13 | H14: =H13/$E$13 | I14: =I13/$E$13 | J14: =IF(OR(J13="", ISBLANK(J13)), NA(), J13/$E$13) | K14: =IF(OR(K13="", ISBLANK(K13)), NA(), K13/$E$13) | L14: =IF(OR(L13="", ISBLANK(L13)), NA(), L13/$E$13) | M14: =IF(OR(M13="", ISBLANK(M13)), NA(), M13/$E$13) | N14: =IF(OR(N13="", ISBLANK(N13)), NA(), N13/$E$13) | O14: =IF(OR(O13="", ISBLANK(O13)), NA(), O13/$E$13) | P14: =IF(OR(P13="", ISBLANK(P13)), NA(), P13/$E$13) | Q14: =IF(OR(Q13="", ISBLANK(Q13)), NA(), Q13/$E$13) | ... AC14: =IF(OR(AC13="", ISBLANK(AC13)), NA(), AC13/$E$13)
B15: Cable Pulling | C15: m | D15: Cumulative Qty | E15: 26381 | F15: 0 | G15: 1831 | H15: 5354 | I15: 9109 | J15: 11706 | K15: 15381 | L15: 18345 | M15: 19059
D16: NAUTICS - Cable Pulling (%) | E16: 1 | F16: =F15/$E$15 | G16: =G15/$E$15 | H16: =H15/$E$15 | I16: =I15/$E$15 | J16: =IF(OR(J15="", ISBLANK(J15)), NA(), J15/$E$15) | K16: =IF(OR(K15="", ISBLANK(K15)), NA(), K15/$E$15) | L16: =IF(OR(L15="", ISBLANK(L15)), NA(), L15/$E$15) | M16: =IF(OR(M15="", ISBLANK(M15)), NA(), M15/$E$15) | N16: =IF(OR(N15="", ISBLANK(N15)), NA(), N15/$E$15) | O16: =IF(OR(O15="", ISBLANK(O15)), NA(), O15/$E$15) | P16: =IF(OR(P15="", ISBLANK(P15)), NA(), P15/$E$15) | Q16: =IF(OR(Q15="", ISBLANK(Q15)), NA(), Q15/$E$15) | ... AC16: =IF(OR(AC15="", ISBLANK(AC15)), NA(), AC15/$E$15)
B17: Termination | C17: pts | D17: Cumulative Qty | E17: 2006 | F17: 0 | G17: 0 | H17: 0 | I17: 0 | J17: 0 | K17: 58 | L17: 116 | M17: 207
D18: NAUTICS - Termination (%) | E18: 1 | F18: =F17/$E$17 | G18: =G17/$E$17 | H18: =H17/$E$17 | I18: =I17/$E$17 | J18: =IF(OR(J17="", ISBLANK(J17)), NA(), J17/$E$17) | K18: =IF(OR(K17="", ISBLANK(K17)), NA(), K17/$E$17) | L18: =IF(OR(L17="", ISBLANK(L17)), NA(), L17/$E$17) | M18: =IF(OR(M17="", ISBLANK(M17)), NA(), M17/$E$17) | N18: =IF(OR(N17="", ISBLANK(N17)), NA(), N17/$E$17) | O18: =IF(OR(O17="", ISBLANK(O17)), NA(), O17/$E$17) | P18: =IF(OR(P17="", ISBLANK(P17)), NA(), P17/$E$17) | Q18: =IF(OR(Q17="", ISBLANK(Q17)), NA(), Q17/$E$17) | ... AC18: =IF(OR(AC17="", ISBLANK(AC17)), NA(), AC17/$E$17)
A19: ST | B19: Cable Cutting | C19: m | D19: Cumulative Qty | E19: 8593 | F19: 0 | G19: 6615 | H19: 6615 | I19: 6615 | J19: 6759 | K19: 6762 | L19: 6763 | M19: 7517
D20: ST - Cable Cutting (%) | E20: 1 | F20: =F19/$E$19 | G20: =G19/$E$19 | H20: =H19/$E$19 | I20: =I19/$E$19 | J20: =IF(OR(J19="", ISBLANK(J19)), NA(), J19/$E$19) | K20: =IF(OR(K19="", ISBLANK(K19)), NA(), K19/$E$19) | L20: =IF(OR(L19="", ISBLANK(L19)), NA(), L19/$E$19) | M20: =IF(OR(M19="", ISBLANK(M19)), NA(), M19/$E$19) | N20: =IF(OR(N19="", ISBLANK(N19)), NA(), N19/$E$19) | O20: =IF(OR(O19="", ISBLANK(O19)), NA(), O19/$E$19) | P20: =IF(OR(P19="", ISBLANK(P19)), NA(), P19/$E$19) | Q20: =IF(OR(Q19="", ISBLANK(Q19)), NA(), Q19/$E$19) | ... AC20: =IF(OR(AC19="", ISBLANK(AC19)), NA(), AC19/$E$19)
B21: Cable Pulling | C21: m | D21: Cumulative Qty | E21: 8593 | F21: 0 | G21: 0 | H21: 0 | I21: 0 | J21: 1850 | K21: 3363 | L21: 4765 | M21: 5721
D22: ST - Cable Pulling (%) | E22: 1 | F22: =F21/$E$21 | G22: =G21/$E$21 | H22: =H21/$E$21 | I22: =I21/$E$21 | J22: =IF(OR(J21="", ISBLANK(J21)), NA(), J21/$E$21) | K22: =IF(OR(K21="", ISBLANK(K21)), NA(), K21/$E$21) | L22: =IF(OR(L21="", ISBLANK(L21)), NA(), L21/$E$21) | M22: =IF(OR(M21="", ISBLANK(M21)), NA(), M21/$E$21) | N22: =IF(OR(N21="", ISBLANK(N21)), NA(), N21/$E$21) | O22: =IF(OR(O21="", ISBLANK(O21)), NA(), O21/$E$21) | P22: =IF(OR(P21="", ISBLANK(P21)), NA(), P21/$E$21) | Q22: =IF(OR(Q21="", ISBLANK(Q21)), NA(), Q21/$E$21) | ... AC22: =IF(OR(AC21="", ISBLANK(AC21)), NA(), AC21/$E$21)
B23: Termination | C23: pts | D23: Cumulative Qty | E23: 554 | F23: 0 | G23: 0 | H23: 0 | I23: 0 | J23: 0 | K23: 0 | L23: 0 | M23: 0
D24: ST - Termination (%) | E24: 1 | F24: =F23/$E$23 | G24: =G23/$E$23 | H24: =H23/$E$23 | I24: =I23/$E$23 | J24: =IF(OR(J23="", ISBLANK(J23)), NA(), J23/$E$23) | K24: =IF(OR(K23="", ISBLANK(K23)), NA(), K23/$E$23) | L24: =IF(OR(L23="", ISBLANK(L23)), NA(), L23/$E$23) | M24: =IF(OR(M23="", ISBLANK(M23)), NA(), M23/$E$23) | N24: =IF(OR(N23="", ISBLANK(N23)), NA(), N23/$E$23) | O24: =IF(OR(O23="", ISBLANK(O23)), NA(), O23/$E$23) | P24: =IF(OR(P23="", ISBLANK(P23)), NA(), P23/$E$23) | Q24: =IF(OR(Q23="", ISBLANK(Q23)), NA(), Q23/$E$23) | ... AC24: =IF(OR(AC23="", ISBLANK(AC23)), NA(), AC23/$E$23)
A25: TOTAL PROJECT | B25: Cable Cutting | C25: m | D25: Cumulative Qty | E25: =SUM(E7,E13,E19) | F25: =IF(COUNT(F7,F13,F19)>0, SUM(F7,F13,F19), "") | G25: =IF(COUNT(G7,G13,G19)>0, SUM(G7,G13,G19), "") | H25: =IF(COUNT(H7,H13,H19)>0, SUM(H7,H13,H19), "") | I25: =IF(COUNT(I7,I13,I19)>0, SUM(I7,I13,I19), "") | J25: =IF(COUNT(J7,J13,J19)>0, SUM(J7,J13,J19), "") | K25: =IF(COUNT(K7,K13,K19)>0, SUM(K7,K13,K19), "") | L25: =IF(COUNT(L7,L13,L19)>0, SUM(L7,L13,L19), "") | M25: 59724 | N25: =IF(COUNT(N7,N13,N19)>0, SUM(N7,N13,N19), "") | O25: =IF(COUNT(O7,O13,O19)>0, SUM(O7,O13,O19), "") | P25: =IF(COUNT(P7,P13,P19)>0, SUM(P7,P13,P19), "") | Q25: =IF(COUNT(Q7,Q13,Q19)>0, SUM(Q7,Q13,Q19), "") | R25: =IF(COUNT(R7,R13,R19)>0, SUM(R7,R13,R19), "") | S25: =IF(COUNT(S7,S13,S19)>0, SUM(S7,S13,S19), "") | T25: =IF(COUNT(T7,T13,T19)>0, SUM(T7,T13,T19), "") | U25: =IF(COUNT(U7,U13,U19)>0, SUM(U7,U13,U19), "") | ... AC25: =IF(COUNT(AC7,AC13,AC19)>0, SUM(AC7,AC13,AC19), "")
D26: TOTAL PROJECT - Cable Cutting (%) | E26: 1 | F26: =IF(OR(F25="", ISBLANK(F25)), NA(), F25/$E$25) | G26: =IF(OR(G25="", ISBLANK(G25)), NA(), G25/$E$25) | H26: =IF(OR(H25="", ISBLANK(H25)), NA(), H25/$E$25) | I26: =IF(OR(I25="", ISBLANK(I25)), NA(), I25/$E$25) | J26: =IF(OR(J25="", ISBLANK(J25)), NA(), J25/$E$25) | K26: =IF(OR(K25="", ISBLANK(K25)), NA(), K25/$E$25) | L26: =IF(OR(L25="", ISBLANK(L25)), NA(), L25/$E$25) | M26: =IF(OR(M25="", ISBLANK(M25)), NA(), M25/$E$25) | ... AC26: =IF(OR(AC25="", ISBLANK(AC25)), NA(), AC25/$E$25)
B27: Cable Pulling | C27: m | D27: Cumulative Qty | E27: =SUM(E9,E15,E21) | F27: =IF(COUNT(F9,F15,F21)>0, SUM(F9,F15,F21), "") | G27: =IF(COUNT(G9,G15,G21)>0, SUM(G9,G15,G21), "") | H27: =IF(COUNT(H9,H15,H21)>0, SUM(H9,H15,H21), "") | I27: =IF(COUNT(I9,I15,I21)>0, SUM(I9,I15,I21), "") | J27: =IF(COUNT(J9,J15,J21)>0, SUM(J9,J15,J21), "") | K27: =IF(COUNT(K9,K15,K21)>0, SUM(K9,K15,K21), "") | L27: =IF(COUNT(L9,L15,L21)>0, SUM(L9,L15,L21), "") | M27: 49686 | N27: =IF(COUNT(N9,N15,N21)>0, SUM(N9,N15,N21), "") | O27: =IF(COUNT(O9,O15,O21)>0, SUM(O9,O15,O21), "") | P27: =IF(COUNT(P9,P15,P21)>0, SUM(P9,P15,P21), "") | Q27: =IF(COUNT(Q9,Q15,Q21)>0, SUM(Q9,Q15,Q21), "") | R27: =IF(COUNT(R9,R15,R21)>0, SUM(R9,R15,R21), "") | S27: =IF(COUNT(S9,S15,S21)>0, SUM(S9,S15,S21), "") | T27: =IF(COUNT(T9,T15,T21)>0, SUM(T9,T15,T21), "") | U27: =IF(COUNT(U9,U15,U21)>0, SUM(U9,U15,U21), "") | ... AC27: =IF(COUNT(AC9,AC15,AC21)>0, SUM(AC9,AC15,AC21), "")
D28: TOTAL PROJECT - Cable Pulling (%) | E28: 1 | F28: =IF(OR(F27="", ISBLANK(F27)), NA(), F27/$E$27) | G28: =IF(OR(G27="", ISBLANK(G27)), NA(), G27/$E$27) | H28: =IF(OR(H27="", ISBLANK(H27)), NA(), H27/$E$27) | I28: =IF(OR(I27="", ISBLANK(I27)), NA(), I27/$E$27) | J28: =IF(OR(J27="", ISBLANK(J27)), NA(), J27/$E$27) | K28: =IF(OR(K27="", ISBLANK(K27)), NA(), K27/$E$27) | L28: =IF(OR(L27="", ISBLANK(L27)), NA(), L27/$E$27) | M28: =IF(OR(M27="", ISBLANK(M27)), NA(), M27/$E$27) | ... AC28: =IF(OR(AC27="", ISBLANK(AC27)), NA(), AC27/$E$27)
B29: Termination | C29: pts | D29: Cumulative Qty | E29: =SUM(E11,E17,E23) | F29: =IF(COUNT(F11,F17,F23)>0, SUM(F11,F17,F23), "") | G29: =IF(COUNT(G11,G17,G23)>0, SUM(G11,G17,G23), "") | H29: =IF(COUNT(H11,H17,H23)>0, SUM(H11,H17,H23), "") | I29: =IF(COUNT(I11,I17,I23)>0, SUM(I11,I17,I23), "") | J29: =IF(COUNT(J11,J17,J23)>0, SUM(J11,J17,J23), "") | K29: =IF(COUNT(K11,K17,K23)>0, SUM(K11,K17,K23), "") | L29: =IF(COUNT(L11,L17,L23)>0, SUM(L11,L17,L23), "") | M29: 561 | N29: =IF(COUNT(N11,N17,N23)>0, SUM(N11,N17,N23), "") | O29: =IF(COUNT(O11,O17,O23)>0, SUM(O11,O17,O23), "") | P29: =IF(COUNT(P11,P17,P23)>0, SUM(P11,P17,P23), "") | Q29: =IF(COUNT(Q11,Q17,Q23)>0, SUM(Q11,Q17,Q23), "") | R29: =IF(COUNT(R11,R17,R23)>0, SUM(R11,R17,R23), "") | S29: =IF(COUNT(S11,S17,S23)>0, SUM(S11,S17,S23), "") | T29: =IF(COUNT(T11,T17,T23)>0, SUM(T11,T17,T23), "") | U29: =IF(COUNT(U11,U17,U23)>0, SUM(U11,U17,U23), "") | ... AC29: =IF(COUNT(AC11,AC17,AC23)>0, SUM(AC11,AC17,AC23), "")
D30: TOTAL PROJECT - Termination (%) | E30: 1 | F30: =IF(OR(F29="", ISBLANK(F29)), NA(), F29/$E$29) | G30: =IF(OR(G29="", ISBLANK(G29)), NA(), G29/$E$29) | H30: =IF(OR(H29="", ISBLANK(H29)), NA(), H29/$E$29) | I30: =IF(OR(I29="", ISBLANK(I29)), NA(), I29/$E$29) | J30: =IF(OR(J29="", ISBLANK(J29)), NA(), J29/$E$29) | K30: =IF(OR(K29="", ISBLANK(K29)), NA(), K29/$E$29) | L30: =IF(OR(L29="", ISBLANK(L29)), NA(), L29/$E$29) | M30: =IF(OR(M29="", ISBLANK(M29)), NA(), M29/$E$29) | ... AC30: =IF(OR(AC29="", ISBLANK(AC29)), NA(), AC29/$E$29)

Sheet Tiến độ phần điện
A1: BÁO CÁO TIẾN ĐỘ THI CÔNG HỆ THỐNG ĐIỆN C459 - 24 TUẦN (W37 - W08)
A3: Khối lượng thực hiện hàng tuần và tỷ lệ tiến độ của 3 nhà thầu (HDC, NAUTICS, ST) và toàn dự án
A5: Nhà thầu | B5: Hạng mục công việc | C5: Đơn vị | D5: Chỉ tiêu | E5: Kế hoạch tổng | F5: W37 | G5: W38 | H5: W39 | I5: W40 | J5: W41 | K5: W42 | L5: W43 | M5: W44 | N5: W45 | O5: W46 | P5: W47 | Q5: W48 | R5: W49 | S5: W50 | T5: W51 | U5: W52 | V5: W01 | W5: W02 | X5: W03 | Y5: W04 | Z5: W05 | AA5: W06 | AB5: W07 | AC5: W08 | AD5: Ghi chú
F6: Khối lượng / % lũy kế | G6: Khối lượng / % lũy kế | H6: Khối lượng / % lũy kế | I6: Khối lượng / % lũy kế | J6: Khối lượng / % lũy kế | K6: Khối lượng / % lũy kế | L6: Khối lượng / % lũy kế | M6: Khối lượng / % lũy kế | N6: Khối lượng / % lũy kế | O6: Khối lượng / % lũy kế | P6: Khối lượng / % lũy kế | Q6: Khối lượng / % lũy kế | R6: Khối lượng / % lũy kế | S6: Khối lượng / % lũy kế | T6: Khối lượng / % lũy kế | U6: Khối lượng / % lũy kế | V6: Khối lượng / % lũy kế | W6: Khối lượng / % lũy kế | X6: Khối lượng / % lũy kế | Y6: Khối lượng / % lũy kế | Z6: Khối lượng / % lũy kế | AA6: Khối lượng / % lũy kế | AB6: Khối lượng / % lũy kế | AC6: Khối lượng / % lũy kế
A7: HDC | B7: Cắt cáp | C7: m | D7: Khối lượng lũy kế | E7: =IF('Electrical Progress'!E7="","",'Electrical Progress'!E7) | F7: =IF('Electrical Progress'!F7="","",'Electrical Progress'!F7) | G7: =IF('Electrical Progress'!G7="","",'Electrical Progress'!G7) | H7: =IF('Electrical Progress'!H7="","",'Electrical Progress'!H7) | I7: =IF('Electrical Progress'!I7="","",'Electrical Progress'!I7) | J7: =IF('Electrical Progress'!J7="","",'Electrical Progress'!J7) | K7: =IF('Electrical Progress'!K7="","",'Electrical Progress'!K7) | L7: =IF('Electrical Progress'!L7="","",'Electrical Progress'!L7) | M7: 29864 | N7: =IF('Electrical Progress'!N7="","",'Electrical Progress'!N7) | O7: =IF('Electrical Progress'!O7="","",'Electrical Progress'!O7) | P7: =IF('Electrical Progress'!P7="","",'Electrical Progress'!P7) | Q7: =IF('Electrical Progress'!Q7="","",'Electrical Progress'!Q7) | R7: =IF('Electrical Progress'!R7="","",'Electrical Progress'!R7) | S7: =IF('Electrical Progress'!S7="","",'Electrical Progress'!S7) | T7: =IF('Electrical Progress'!T7="","",'Electrical Progress'!T7) | U7: =IF('Electrical Progress'!U7="","",'Electrical Progress'!U7) | ... AC7: =IF('Electrical Progress'!AC7="","",'Electrical Progress'!AC7)
D8: HDC - Cắt cáp (%) | E8: =IF('Electrical Progress'!E8="","",'Electrical Progress'!E8) | F8: =IF('Electrical Progress'!F8="","",'Electrical Progress'!F8) | G8: =IF('Electrical Progress'!G8="","",'Electrical Progress'!G8) | H8: =IF('Electrical Progress'!H8="","",'Electrical Progress'!H8) | I8: =IF('Electrical Progress'!I8="","",'Electrical Progress'!I8) | J8: =IF('Electrical Progress'!J8="","",'Electrical Progress'!J8) | K8: =IF('Electrical Progress'!K8="","",'Electrical Progress'!K8) | L8: =IF('Electrical Progress'!L8="","",'Electrical Progress'!L8) | ... AC8: =IF('Electrical Progress'!AC8="","",'Electrical Progress'!AC8)
B9: Kéo cáp | C9: m | D9: Khối lượng lũy kế | E9: =IF('Electrical Progress'!E9="","",'Electrical Progress'!E9) | F9: =IF('Electrical Progress'!F9="","",'Electrical Progress'!F9) | G9: =IF('Electrical Progress'!G9="","",'Electrical Progress'!G9) | H9: =IF('Electrical Progress'!H9="","",'Electrical Progress'!H9) | I9: =IF('Electrical Progress'!I9="","",'Electrical Progress'!I9) | J9: =IF('Electrical Progress'!J9="","",'Electrical Progress'!J9) | K9: =IF('Electrical Progress'!K9="","",'Electrical Progress'!K9) | L9: =IF('Electrical Progress'!L9="","",'Electrical Progress'!L9) | M9: 24906 | N9: =IF('Electrical Progress'!N9="","",'Electrical Progress'!N9) | O9: =IF('Electrical Progress'!O9="","",'Electrical Progress'!O9) | P9: =IF('Electrical Progress'!P9="","",'Electrical Progress'!P9) | Q9: =IF('Electrical Progress'!Q9="","",'Electrical Progress'!Q9) | R9: =IF('Electrical Progress'!R9="","",'Electrical Progress'!R9) | S9: =IF('Electrical Progress'!S9="","",'Electrical Progress'!S9) | T9: =IF('Electrical Progress'!T9="","",'Electrical Progress'!T9) | U9: =IF('Electrical Progress'!U9="","",'Electrical Progress'!U9) | ... AC9: =IF('Electrical Progress'!AC9="","",'Electrical Progress'!AC9)
D10: HDC - Kéo cáp (%) | E10: =IF('Electrical Progress'!E10="","",'Electrical Progress'!E10) | F10: =IF('Electrical Progress'!F10="","",'Electrical Progress'!F10) | G10: =IF('Electrical Progress'!G10="","",'Electrical Progress'!G10) | H10: =IF('Electrical Progress'!H10="","",'Electrical Progress'!H10) | I10: =IF('Electrical Progress'!I10="","",'Electrical Progress'!I10) | J10: =IF('Electrical Progress'!J10="","",'Electrical Progress'!J10) | K10: =IF('Electrical Progress'!K10="","",'Electrical Progress'!K10) | L10: =IF('Electrical Progress'!L10="","",'Electrical Progress'!L10) | ... AC10: =IF('Electrical Progress'!AC10="","",'Electrical Progress'!AC10)
B11: Đấu nối | C11: điểm | D11: Khối lượng lũy kế | E11: =IF('Electrical Progress'!E11="","",'Electrical Progress'!E11) | F11: =IF('Electrical Progress'!F11="","",'Electrical Progress'!F11) | G11: =IF('Electrical Progress'!G11="","",'Electrical Progress'!G11) | H11: =IF('Electrical Progress'!H11="","",'Electrical Progress'!H11) | I11: =IF('Electrical Progress'!I11="","",'Electrical Progress'!I11) | J11: =IF('Electrical Progress'!J11="","",'Electrical Progress'!J11) | K11: =IF('Electrical Progress'!K11="","",'Electrical Progress'!K11) | L11: =IF('Electrical Progress'!L11="","",'Electrical Progress'!L11) | M11: 354 | N11: =IF('Electrical Progress'!N11="","",'Electrical Progress'!N11) | O11: =IF('Electrical Progress'!O11="","",'Electrical Progress'!O11) | P11: =IF('Electrical Progress'!P11="","",'Electrical Progress'!P11) | Q11: =IF('Electrical Progress'!Q11="","",'Electrical Progress'!Q11) | R11: =IF('Electrical Progress'!R11="","",'Electrical Progress'!R11) | S11: =IF('Electrical Progress'!S11="","",'Electrical Progress'!S11) | T11: =IF('Electrical Progress'!T11="","",'Electrical Progress'!T11) | U11: =IF('Electrical Progress'!U11="","",'Electrical Progress'!U11) | ... AC11: =IF('Electrical Progress'!AC11="","",'Electrical Progress'!AC11)
D12: HDC - Đấu nối (%) | E12: =IF('Electrical Progress'!E12="","",'Electrical Progress'!E12) | F12: =IF('Electrical Progress'!F12="","",'Electrical Progress'!F12) | G12: =IF('Electrical Progress'!G12="","",'Electrical Progress'!G12) | H12: =IF('Electrical Progress'!H12="","",'Electrical Progress'!H12) | I12: =IF('Electrical Progress'!I12="","",'Electrical Progress'!I12) | J12: =IF('Electrical Progress'!J12="","",'Electrical Progress'!J12) | K12: =IF('Electrical Progress'!K12="","",'Electrical Progress'!K12) | L12: =IF('Electrical Progress'!L12="","",'Electrical Progress'!L12) | ... AC12: =IF('Electrical Progress'!AC12="","",'Electrical Progress'!AC12)
A13: NAUTICS | B13: Cắt cáp | C13: m | D13: Khối lượng lũy kế | E13: =IF('Electrical Progress'!E13="","",'Electrical Progress'!E13) | F13: =IF('Electrical Progress'!F13="","",'Electrical Progress'!F13) | G13: =IF('Electrical Progress'!G13="","",'Electrical Progress'!G13) | H13: =IF('Electrical Progress'!H13="","",'Electrical Progress'!H13) | I13: =IF('Electrical Progress'!I13="","",'Electrical Progress'!I13) | J13: =IF('Electrical Progress'!J13="","",'Electrical Progress'!J13) | K13: =IF('Electrical Progress'!K13="","",'Electrical Progress'!K13) | L13: =IF('Electrical Progress'!L13="","",'Electrical Progress'!L13) | M13: 22343 | N13: =IF('Electrical Progress'!N13="","",'Electrical Progress'!N13) | O13: =IF('Electrical Progress'!O13="","",'Electrical Progress'!O13) | P13: =IF('Electrical Progress'!P13="","",'Electrical Progress'!P13) | Q13: =IF('Electrical Progress'!Q13="","",'Electrical Progress'!Q13) | R13: =IF('Electrical Progress'!R13="","",'Electrical Progress'!R13) | S13: =IF('Electrical Progress'!S13="","",'Electrical Progress'!S13) | T13: =IF('Electrical Progress'!T13="","",'Electrical Progress'!T13) | U13: =IF('Electrical Progress'!U13="","",'Electrical Progress'!U13) | ... AC13: =IF('Electrical Progress'!AC13="","",'Electrical Progress'!AC13)
D14: NAUTICS - Cắt cáp (%) | E14: =IF('Electrical Progress'!E14="","",'Electrical Progress'!E14) | F14: =IF('Electrical Progress'!F14="","",'Electrical Progress'!F14) | G14: =IF('Electrical Progress'!G14="","",'Electrical Progress'!G14) | H14: =IF('Electrical Progress'!H14="","",'Electrical Progress'!H14) | I14: =IF('Electrical Progress'!I14="","",'Electrical Progress'!I14) | J14: =IF('Electrical Progress'!J14="","",'Electrical Progress'!J14) | K14: =IF('Electrical Progress'!K14="","",'Electrical Progress'!K14) | L14: =IF('Electrical Progress'!L14="","",'Electrical Progress'!L14) | ... AC14: =IF('Electrical Progress'!AC14="","",'Electrical Progress'!AC14)
B15: Kéo cáp | C15: m | D15: Khối lượng lũy kế | E15: =IF('Electrical Progress'!E15="","",'Electrical Progress'!E15) | F15: =IF('Electrical Progress'!F15="","",'Electrical Progress'!F15) | G15: =IF('Electrical Progress'!G15="","",'Electrical Progress'!G15) | H15: =IF('Electrical Progress'!H15="","",'Electrical Progress'!H15) | I15: =IF('Electrical Progress'!I15="","",'Electrical Progress'!I15) | J15: =IF('Electrical Progress'!J15="","",'Electrical Progress'!J15) | K15: =IF('Electrical Progress'!K15="","",'Electrical Progress'!K15) | L15: =IF('Electrical Progress'!L15="","",'Electrical Progress'!L15) | M15: 19059 | N15: =IF('Electrical Progress'!N15="","",'Electrical Progress'!N15) | O15: =IF('Electrical Progress'!O15="","",'Electrical Progress'!O15) | P15: =IF('Electrical Progress'!P15="","",'Electrical Progress'!P15) | Q15: =IF('Electrical Progress'!Q15="","",'Electrical Progress'!Q15) | R15: =IF('Electrical Progress'!R15="","",'Electrical Progress'!R15) | S15: =IF('Electrical Progress'!S15="","",'Electrical Progress'!S15) | T15: =IF('Electrical Progress'!T15="","",'Electrical Progress'!T15) | U15: =IF('Electrical Progress'!U15="","",'Electrical Progress'!U15) | ... AC15: =IF('Electrical Progress'!AC15="","",'Electrical Progress'!AC15)
D16: NAUTICS - Kéo cáp (%) | E16: =IF('Electrical Progress'!E16="","",'Electrical Progress'!E16) | F16: =IF('Electrical Progress'!F16="","",'Electrical Progress'!F16) | G16: =IF('Electrical Progress'!G16="","",'Electrical Progress'!G16) | H16: =IF('Electrical Progress'!H16="","",'Electrical Progress'!H16) | I16: =IF('Electrical Progress'!I16="","",'Electrical Progress'!I16) | J16: =IF('Electrical Progress'!J16="","",'Electrical Progress'!J16) | K16: =IF('Electrical Progress'!K16="","",'Electrical Progress'!K16) | L16: =IF('Electrical Progress'!L16="","",'Electrical Progress'!L16) | ... AC16: =IF('Electrical Progress'!AC16="","",'Electrical Progress'!AC16)
B17: Đấu nối | C17: điểm | D17: Khối lượng lũy kế | E17: =IF('Electrical Progress'!E17="","",'Electrical Progress'!E17) | F17: =IF('Electrical Progress'!F17="","",'Electrical Progress'!F17) | G17: =IF('Electrical Progress'!G17="","",'Electrical Progress'!G17) | H17: =IF('Electrical Progress'!H17="","",'Electrical Progress'!H17) | I17: =IF('Electrical Progress'!I17="","",'Electrical Progress'!I17) | J17: =IF('Electrical Progress'!J17="","",'Electrical Progress'!J17) | K17: =IF('Electrical Progress'!K17="","",'Electrical Progress'!K17) | L17: =IF('Electrical Progress'!L17="","",'Electrical Progress'!L17) | M17: 207 | N17: =IF('Electrical Progress'!N17="","",'Electrical Progress'!N17) | O17: =IF('Electrical Progress'!O17="","",'Electrical Progress'!O17) | P17: =IF('Electrical Progress'!P17="","",'Electrical Progress'!P17) | Q17: =IF('Electrical Progress'!Q17="","",'Electrical Progress'!Q17) | R17: =IF('Electrical Progress'!R17="","",'Electrical Progress'!R17) | S17: =IF('Electrical Progress'!S17="","",'Electrical Progress'!S17) | T17: =IF('Electrical Progress'!T17="","",'Electrical Progress'!T17) | U17: =IF('Electrical Progress'!U17="","",'Electrical Progress'!U17) | ... AC17: =IF('Electrical Progress'!AC17="","",'Electrical Progress'!AC17)
D18: NAUTICS - Đấu nối (%) | E18: =IF('Electrical Progress'!E18="","",'Electrical Progress'!E18) | F18: =IF('Electrical Progress'!F18="","",'Electrical Progress'!F18) | G18: =IF('Electrical Progress'!G18="","",'Electrical Progress'!G18) | H18: =IF('Electrical Progress'!H18="","",'Electrical Progress'!H18) | I18: =IF('Electrical Progress'!I18="","",'Electrical Progress'!I18) | J18: =IF('Electrical Progress'!J18="","",'Electrical Progress'!J18) | K18: =IF('Electrical Progress'!K18="","",'Electrical Progress'!K18) | L18: =IF('Electrical Progress'!L18="","",'Electrical Progress'!L18) | ... AC18: =IF('Electrical Progress'!AC18="","",'Electrical Progress'!AC18)
A19: ST | B19: Cắt cáp | C19: m | D19: Khối lượng lũy kế | E19: =IF('Electrical Progress'!E19="","",'Electrical Progress'!E19) | F19: =IF('Electrical Progress'!F19="","",'Electrical Progress'!F19) | G19: =IF('Electrical Progress'!G19="","",'Electrical Progress'!G19) | H19: =IF('Electrical Progress'!H19="","",'Electrical Progress'!H19) | I19: =IF('Electrical Progress'!I19="","",'Electrical Progress'!I19) | J19: =IF('Electrical Progress'!J19="","",'Electrical Progress'!J19) | K19: =IF('Electrical Progress'!K19="","",'Electrical Progress'!K19) | L19: =IF('Electrical Progress'!L19="","",'Electrical Progress'!L19) | M19: 7517 | N19: =IF('Electrical Progress'!N19="","",'Electrical Progress'!N19) | O19: =IF('Electrical Progress'!O19="","",'Electrical Progress'!O19) | P19: =IF('Electrical Progress'!P19="","",'Electrical Progress'!P19) | Q19: =IF('Electrical Progress'!Q19="","",'Electrical Progress'!Q19) | R19: =IF('Electrical Progress'!R19="","",'Electrical Progress'!R19) | S19: =IF('Electrical Progress'!S19="","",'Electrical Progress'!S19) | T19: =IF('Electrical Progress'!T19="","",'Electrical Progress'!T19) | U19: =IF('Electrical Progress'!U19="","",'Electrical Progress'!U19) | ... AC19: =IF('Electrical Progress'!AC19="","",'Electrical Progress'!AC19)
D20: ST - Cắt cáp (%) | E20: =IF('Electrical Progress'!E20="","",'Electrical Progress'!E20) | F20: =IF('Electrical Progress'!F20="","",'Electrical Progress'!F20) | G20: =IF('Electrical Progress'!G20="","",'Electrical Progress'!G20) | H20: =IF('Electrical Progress'!H20="","",'Electrical Progress'!H20) | I20: =IF('Electrical Progress'!I20="","",'Electrical Progress'!I20) | J20: =IF('Electrical Progress'!J20="","",'Electrical Progress'!J20) | K20: =IF('Electrical Progress'!K20="","",'Electrical Progress'!K20) | L20: =IF('Electrical Progress'!L20="","",'Electrical Progress'!L20) | ... AC20: =IF('Electrical Progress'!AC20="","",'Electrical Progress'!AC20)
B21: Kéo cáp | C21: m | D21: Khối lượng lũy kế | E21: =IF('Electrical Progress'!E21="","",'Electrical Progress'!E21) | F21: =IF('Electrical Progress'!F21="","",'Electrical Progress'!F21) | G21: =IF('Electrical Progress'!G21="","",'Electrical Progress'!G21) | H21: =IF('Electrical Progress'!H21="","",'Electrical Progress'!H21) | I21: =IF('Electrical Progress'!I21="","",'Electrical Progress'!I21) | J21: =IF('Electrical Progress'!J21="","",'Electrical Progress'!J21) | K21: =IF('Electrical Progress'!K21="","",'Electrical Progress'!K21) | L21: =IF('Electrical Progress'!L21="","",'Electrical Progress'!L21) | M21: 5721 | N21: =IF('Electrical Progress'!N21="","",'Electrical Progress'!N21) | O21: =IF('Electrical Progress'!O21="","",'Electrical Progress'!O21) | P21: =IF('Electrical Progress'!P21="","",'Electrical Progress'!P21) | Q21: =IF('Electrical Progress'!Q21="","",'Electrical Progress'!Q21) | R21: =IF('Electrical Progress'!R21="","",'Electrical Progress'!R21) | S21: =IF('Electrical Progress'!S21="","",'Electrical Progress'!S21) | T21: =IF('Electrical Progress'!T21="","",'Electrical Progress'!T21) | U21: =IF('Electrical Progress'!U21="","",'Electrical Progress'!U21) | ... AC21: =IF('Electrical Progress'!AC21="","",'Electrical Progress'!AC21)
D22: ST - Kéo cáp (%) | E22: =IF('Electrical Progress'!E22="","",'Electrical Progress'!E22) | F22: =IF('Electrical Progress'!F22="","",'Electrical Progress'!F22) | G22: =IF('Electrical Progress'!G22="","",'Electrical Progress'!G22) | H22: =IF('Electrical Progress'!H22="","",'Electrical Progress'!H22) | I22: =IF('Electrical Progress'!I22="","",'Electrical Progress'!I22) | J22: =IF('Electrical Progress'!J22="","",'Electrical Progress'!J22) | K22: =IF('Electrical Progress'!K22="","",'Electrical Progress'!K22) | L22: =IF('Electrical Progress'!L22="","",'Electrical Progress'!L22) | ... AC22: =IF('Electrical Progress'!AC22="","",'Electrical Progress'!AC22)
B23: Đấu nối | C23: điểm | D23: Khối lượng lũy kế | E23: =IF('Electrical Progress'!E23="","",'Electrical Progress'!E23) | F23: =IF('Electrical Progress'!F23="","",'Electrical Progress'!F23) | G23: =IF('Electrical Progress'!G23="","",'Electrical Progress'!G23) | H23: =IF('Electrical Progress'!H23="","",'Electrical Progress'!H23) | I23: =IF('Electrical Progress'!I23="","",'Electrical Progress'!I23) | J23: =IF('Electrical Progress'!J23="","",'Electrical Progress'!J23) | K23: =IF('Electrical Progress'!K23="","",'Electrical Progress'!K23) | L23: =IF('Electrical Progress'!L23="","",'Electrical Progress'!L23) | M23: 0 | N23: =IF('Electrical Progress'!N23="","",'Electrical Progress'!N23) | O23: =IF('Electrical Progress'!O23="","",'Electrical Progress'!O23) | P23: =IF('Electrical Progress'!P23="","",'Electrical Progress'!P23) | Q23: =IF('Electrical Progress'!Q23="","",'Electrical Progress'!Q23) | R23: =IF('Electrical Progress'!R23="","",'Electrical Progress'!R23) | S23: =IF('Electrical Progress'!S23="","",'Electrical Progress'!S23) | T23: =IF('Electrical Progress'!T23="","",'Electrical Progress'!T23) | U23: =IF('Electrical Progress'!U23="","",'Electrical Progress'!U23) | ... AC23: =IF('Electrical Progress'!AC23="","",'Electrical Progress'!AC23)
D24: ST - Đấu nối (%) | E24: =IF('Electrical Progress'!E24="","",'Electrical Progress'!E24) | F24: =IF('Electrical Progress'!F24="","",'Electrical Progress'!F24) | G24: =IF('Electrical Progress'!G24="","",'Electrical Progress'!G24) | H24: =IF('Electrical Progress'!H24="","",'Electrical Progress'!H24) | I24: =IF('Electrical Progress'!I24="","",'Electrical Progress'!I24) | J24: =IF('Electrical Progress'!J24="","",'Electrical Progress'!J24) | K24: =IF('Electrical Progress'!K24="","",'Electrical Progress'!K24) | L24: =IF('Electrical Progress'!L24="","",'Electrical Progress'!L24) | ... AC24: =IF('Electrical Progress'!AC24="","",'Electrical Progress'!AC24)
A25: TỔNG DỰ ÁN | B25: Cắt cáp | C25: m | D25: Khối lượng lũy kế | E25: =IF('Electrical Progress'!E25="","",'Electrical Progress'!E25) | F25: =IF('Electrical Progress'!F25="","",'Electrical Progress'!F25) | G25: =IF('Electrical Progress'!G25="","",'Electrical Progress'!G25) | H25: =IF('Electrical Progress'!H25="","",'Electrical Progress'!H25) | I25: =IF('Electrical Progress'!I25="","",'Electrical Progress'!I25) | J25: =IF('Electrical Progress'!J25="","",'Electrical Progress'!J25) | K25: =IF('Electrical Progress'!K25="","",'Electrical Progress'!K25) | L25: =IF('Electrical Progress'!L25="","",'Electrical Progress'!L25) | M25: 59724 | N25: =IF('Electrical Progress'!N25="","",'Electrical Progress'!N25) | O25: =IF('Electrical Progress'!O25="","",'Electrical Progress'!O25) | P25: =IF('Electrical Progress'!P25="","",'Electrical Progress'!P25) | Q25: =IF('Electrical Progress'!Q25="","",'Electrical Progress'!Q25) | R25: =IF('Electrical Progress'!R25="","",'Electrical Progress'!R25) | S25: =IF('Electrical Progress'!S25="","",'Electrical Progress'!S25) | T25: =IF('Electrical Progress'!T25="","",'Electrical Progress'!T25) | U25: =IF('Electrical Progress'!U25="","",'Electrical Progress'!U25) | ... AC25: =IF('Electrical Progress'!AC25="","",'Electrical Progress'!AC25)
D26: TỔNG DỰ ÁN - Cắt cáp (%) | E26: =IF('Electrical Progress'!E26="","",'Electrical Progress'!E26) | F26: =IF('Electrical Progress'!F26="","",'Electrical Progress'!F26) | G26: =IF('Electrical Progress'!G26="","",'Electrical Progress'!G26) | H26: =IF('Electrical Progress'!H26="","",'Electrical Progress'!H26) | I26: =IF('Electrical Progress'!I26="","",'Electrical Progress'!I26) | J26: =IF('Electrical Progress'!J26="","",'Electrical Progress'!J26) | K26: =IF('Electrical Progress'!K26="","",'Electrical Progress'!K26) | L26: =IF('Electrical Progress'!L26="","",'Electrical Progress'!L26) | ... AC26: =IF('Electrical Progress'!AC26="","",'Electrical Progress'!AC26)
B27: Kéo cáp | C27: m | D27: Khối lượng lũy kế | E27: =IF('Electrical Progress'!E27="","",'Electrical Progress'!E27) | F27: =IF('Electrical Progress'!F27="","",'Electrical Progress'!F27) | G27: =IF('Electrical Progress'!G27="","",'Electrical Progress'!G27) | H27: =IF('Electrical Progress'!H27="","",'Electrical Progress'!H27) | I27: =IF('Electrical Progress'!I27="","",'Electrical Progress'!I27) | J27: =IF('Electrical Progress'!J27="","",'Electrical Progress'!J27) | K27: =IF('Electrical Progress'!K27="","",'Electrical Progress'!K27) | L27: =IF('Electrical Progress'!L27="","",'Electrical Progress'!L27) | M27: 49686 | N27: =IF('Electrical Progress'!N27="","",'Electrical Progress'!N27) | O27: =IF('Electrical Progress'!O27="","",'Electrical Progress'!O27) | P27: =IF('Electrical Progress'!P27="","",'Electrical Progress'!P27) | Q27: =IF('Electrical Progress'!Q27="","",'Electrical Progress'!Q27) | R27: =IF('Electrical Progress'!R27="","",'Electrical Progress'!R27) | S27: =IF('Electrical Progress'!S27="","",'Electrical Progress'!S27) | T27: =IF('Electrical Progress'!T27="","",'Electrical Progress'!T27) | U27: =IF('Electrical Progress'!U27="","",'Electrical Progress'!U27) | ... AC27: =IF('Electrical Progress'!AC27="","",'Electrical Progress'!AC27)
D28: TỔNG DỰ ÁN - Kéo cáp (%) | E28: =IF('Electrical Progress'!E28="","",'Electrical Progress'!E28) | F28: =IF('Electrical Progress'!F28="","",'Electrical Progress'!F28) | G28: =IF('Electrical Progress'!G28="","",'Electrical Progress'!G28) | H28: =IF('Electrical Progress'!H28="","",'Electrical Progress'!H28) | I28: =IF('Electrical Progress'!I28="","",'Electrical Progress'!I28) | J28: =IF('Electrical Progress'!J28="","",'Electrical Progress'!J28) | K28: =IF('Electrical Progress'!K28="","",'Electrical Progress'!K28) | L28: =IF('Electrical Progress'!L28="","",'Electrical Progress'!L28) | ... AC28: =IF('Electrical Progress'!AC28="","",'Electrical Progress'!AC28)
B29: Đấu nối | C29: điểm | D29: Khối lượng lũy kế | E29: =IF('Electrical Progress'!E29="","",'Electrical Progress'!E29) | F29: =IF('Electrical Progress'!F29="","",'Electrical Progress'!F29) | G29: =IF('Electrical Progress'!G29="","",'Electrical Progress'!G29) | H29: =IF('Electrical Progress'!H29="","",'Electrical Progress'!H29) | I29: =IF('Electrical Progress'!I29="","",'Electrical Progress'!I29) | J29: =IF('Electrical Progress'!J29="","",'Electrical Progress'!J29) | K29: =IF('Electrical Progress'!K29="","",'Electrical Progress'!K29) | L29: =IF('Electrical Progress'!L29="","",'Electrical Progress'!L29) | M29: 561 | N29: =IF('Electrical Progress'!N29="","",'Electrical Progress'!N29) | O29: =IF('Electrical Progress'!O29="","",'Electrical Progress'!O29) | P29: =IF('Electrical Progress'!P29="","",'Electrical Progress'!P29) | Q29: =IF('Electrical Progress'!Q29="","",'Electrical Progress'!Q29) | R29: =IF('Electrical Progress'!R29="","",'Electrical Progress'!R29) | S29: =IF('Electrical Progress'!S29="","",'Electrical Progress'!S29) | T29: =IF('Electrical Progress'!T29="","",'Electrical Progress'!T29) | U29: =IF('Electrical Progress'!U29="","",'Electrical Progress'!U29) | ... AC29: =IF('Electrical Progress'!AC29="","",'Electrical Progress'!AC29)
D30: TỔNG DỰ ÁN - Đấu nối (%) | E30: =IF('Electrical Progress'!E30="","",'Electrical Progress'!E30) | F30: =IF('Electrical Progress'!F30="","",'Electrical Progress'!F30) | G30: =IF('Electrical Progress'!G30="","",'Electrical Progress'!G30) | H30: =IF('Electrical Progress'!H30="","",'Electrical Progress'!H30) | I30: =IF('Electrical Progress'!I30="","",'Electrical Progress'!I30) | J30: =IF('Electrical Progress'!J30="","",'Electrical Progress'!J30) | K30: =IF('Electrical Progress'!K30="","",'Electrical Progress'!K30) | L30: =IF('Electrical Progress'!L30="","",'Electrical Progress'!L30) | ... AC30: =IF('Electrical Progress'!AC30="","",'Electrical Progress'!AC30)
