Workbook
Name Arial: #REF!

Sheet Dashboard
B1: CABLE INSTALLATION OVERVIEW | P1: ="Total: "&TEXT('system by total'!H2,"#,##0")&" cables" -> Total: 2,627 cables
B2: TRACK PROGRESS | CUT · PULL · CONNECT · TEST
B5: SELECT SYSTEM ▼ | O5: CONTRACTORS
B6: 133 | D6: =Dash_Data!T50 -> 133 – EM.POWER DISTRIBUTION 220-240V | Q6: HDC | R6: NAUTICS | S6: ST
B8: TOTAL CABLES | E8: TOTAL CABLE LENGTH | H8: CUT % | K8: PULLED % | N8: CONNECTION % | Q8: CWC-MEGGER %
B9: ='system by total'!H2 -> 2627 | E9: =TỔNG!H4 -> 65233 | H9: ='system by total'!D2 -> 0.85915493 | K9: ='system by total'!E2 -> 0.70194138 | N9: ='system by total'!F2 -> 0.10677579 | Q9: ='system by total'!G2 -> 0
B11: =COUNTA('system by total'!B3:B89)&" systems" -> 87 systems | E11: =" HDC · NAUTICS · ST" -> HDC · NAUTICS · ST | H11: ="By length: "&TEXT(TỔNG!I3,"0.0%") -> By length: 91.6% | K11: ="By length: "&TEXT(TỔNG!I5,"0.0%") -> By length: 76.2% | N11: ="By length: "&TEXT(TỔNG!I7,"0.0%") -> By length: 10.7% | Q11: ="By cable count" -> By cable count
B49: Selected system – stage progress
B51: System | D51: =Dash_Data!T50 -> 133 – EM.POWER DISTRIBUTION 220-240V
B52: Cables in system | D52: =Dash_Data!T51 -> 18
B54: Stage | D54: HDC | F54: NAUTICS | H54: ST | J54: All
B55: Cut | D55: =Dash_Data!T44 -> 1 | F55: =Dash_Data!U44 -> 1 | H55: =Dash_Data!V44 -> 0 | J55: =Dash_Data!W44 -> 1
B56: Pulled | D56: =Dash_Data!T45 -> 0.76923077 | F56: =Dash_Data!U45 -> 1 | H56: =Dash_Data!V45 -> 0 | J56: =Dash_Data!W45 -> 0.83333333
B57: Connection | D57: =Dash_Data!T46 -> 0.11538462 | F57: =Dash_Data!U46 -> 0.5 | H57: =Dash_Data!V46 -> 0 | J57: =Dash_Data!W46 -> 0.22222222
B58: CWC-Megger | D58: =Dash_Data!T47 -> 0 | F58: =Dash_Data!U47 -> 0 | H58: =Dash_Data!V47 -> 0 | J58: =Dash_Data!W47 -> 0
B60: A contractor not working on the selected system shows 0%.
L67: Top 10 systems – details
L68: Largest backlog first: cables × (1 − Pulled %)
L69: # | M69: System | N69: Cables | O69: Cut % | P69: Pulled % | R69: To pull
L70: 1 | M70: =Dash_Data!U31 -> 461 | N70: =Dash_Data!W31 -> 321 | O70: =Dash_Data!X31 -> 0.4423676 | P70: =Dash_Data!Y31 -> 0.034267913 | R70: =Dash_Data!T31 -> 310
L71: 2 | M71: =Dash_Data!U32 -> 401.2 | N71: =Dash_Data!W32 -> 46 | O71: =Dash_Data!X32 -> 0.82608696 | P71: =Dash_Data!Y32 -> 0.41304348 | R71: =Dash_Data!T32 -> 27
L72: 3 | M72: =Dash_Data!U33 -> 222 | N72: =Dash_Data!W33 -> 29 | O72: =Dash_Data!X33 -> 1 | P72: =Dash_Data!Y33 -> 0.13793103 | R72: =Dash_Data!T33 -> 25
L73: 4 | M73: =Dash_Data!U34 -> 416 | N73: =Dash_Data!W34 -> 45 | O73: =Dash_Data!X34 -> 0.53333333 | P73: =Dash_Data!Y34 -> 0.44444444 | R73: =Dash_Data!T34 -> 25
L74: 5 | M74: =Dash_Data!U35 -> 306 | N74: =Dash_Data!W35 -> 57 | O74: =Dash_Data!X35 -> 0.96491228 | P74: =Dash_Data!Y35 -> 0.59649123 | R74: =Dash_Data!T35 -> 23
L75: 6 | M75: =Dash_Data!U36 -> 721 | N75: =Dash_Data!W36 -> 31 | O75: =Dash_Data!X36 -> 0.74193548 | P75: =Dash_Data!Y36 -> 0.35483871 | R75: =Dash_Data!T36 -> 20
L76: 7 | M76: =Dash_Data!U37 -> 412 | N76: =Dash_Data!W37 -> 84 | O76: =Dash_Data!X37 -> 0.92857143 | P76: =Dash_Data!Y37 -> 0.77380952 | R76: =Dash_Data!T37 -> 19
L77: 8 | M77: =Dash_Data!U38 -> 581 | N77: =Dash_Data!W38 -> 19 | O77: =Dash_Data!X38 -> 0.52631579 | P77: =Dash_Data!Y38 -> 0.15789474 | R77: =Dash_Data!T38 -> 16
L78: 9 | M78: =Dash_Data!U39 -> 101.2 | N78: =Dash_Data!W39 -> 27 | O78: =Dash_Data!X39 -> 0.66666667 | P78: =Dash_Data!Y39 -> 0.44444444 | R78: =Dash_Data!T39 -> 15
L79: 10 | M79: =Dash_Data!U40 -> 304.1 | N79: =Dash_Data!W40 -> 29 | O79: =Dash_Data!X40 -> 0.62068966 | P79: =Dash_Data!Y40 -> 0.51724138 | R79: =Dash_Data!T40 -> 14

Sheet hdc
A1: System | B1: Cable ID | C1: Cut | D1: Pulled | E1: Connection | F1: CWC- Megger | G1: Cable Type | H1: Segregation | I1: Design Length(m) | J1: Cable Cutting Length | K1: From Device | L1: From Device Description | M1: From Device Area | N1: From Device Area Description | O1: To Device | P1: To Device Description | Q1: To Device Off Route Length (m) | R1: To Device Area | S1: To Device Area Description | T1: Cable Route | U1: Cable Notes | V1: Local/Not Local Cables | W1: WK/REV.REASON | X1: From Node | Y1: To Node
A2: 101.1 | B2: 101.1W0001 | C2: 1 | D2: 1 | E2: 1 | G2: C 3X50 | H2: S1 | I2: 17.18 | J2: =ROUNDUP(I2,0) -> 18 | K2: (+10P0.2) | L2: 10P0.2 MAIN SWITCHBOARD DIESEL GENERATOR FWD | M2: 2266 | N2: SWITCHBOARD ROOM / LOCAL TABLEAUX | O2: (=101.1++1060+-101.1U07) | P2: DIESEL GENERATOR FORE | Q2: 3 | R2: 1060 | S2: ENGINE ROOM / SALLE DES MACHINES | T2: 10P0.2,226612013P15-10P0.2,1060P013X27N,1060P013X19N,1060P014X07N,1060P014X05N,1060P013X03N,1060P012X07N | V2: NOT LOCAL CABLE | W2: WK39/2024 NEW CABLE | X2: 10P0.2 | Y2: 1060P012X07N
A3: 101.1 | B3: 101.1W0002 | C3: 1 | D3: 1 | E3: 1 | G3: C 3X50 | H3: S1 | I3: 17.18 | J3: =ROUNDUP(I3,0) -> 18 | K3: (+10P0.2) | L3: 10P0.2 MAIN SWITCHBOARD DIESEL GENERATOR FWD | M3: 2266 | N3: SWITCHBOARD ROOM / LOCAL TABLEAUX | O3: (=101.1++1060+-101.1U07) | P3: DIESEL GENERATOR FORE | Q3: 3 | R3: 1060 | S3: ENGINE ROOM / SALLE DES MACHINES | T3: 10P0.2,226612013P15-10P0.2,1060P013X27N,1060P013X19N,1060P014X07N,1060P014X05N,1060P013X03N,1060P012X07N | V3: NOT LOCAL CABLE | W3: WK39/2024 NEW CABLE | X3: 10P0.2 | Y3: 1060P012X07N
A4: 101.1 | B4: 101.1W0003 | C4: 1 | D4: 1 | E4: 1 | G4: C 3X50 | H4: S1 | I4: 17.18 | J4: =ROUNDUP(I4,0) -> 18 | K4: (+10P0.2) | L4: 10P0.2 MAIN SWITCHBOARD DIESEL GENERATOR FWD | M4: 2266 | N4: SWITCHBOARD ROOM / LOCAL TABLEAUX | O4: (=101.1++1060+-101.1U07) | P4: DIESEL GENERATOR FORE | Q4: 3 | R4: 1060 | S4: ENGINE ROOM / SALLE DES MACHINES | T4: 10P0.2,226612013P15-10P0.2,1060P013X27N,1060P013X19N,1060P014X07N,1060P014X05N,1060P013X03N,1060P012X07N | V4: NOT LOCAL CABLE | W4: WK39/2024 NEW CABLE | X4: 10P0.2 | Y4: 1060P012X07N
A5: 101.1 | B5: 101.1W0004 | C5: 1 | D5: 1 | E5: 1 | G5: C 3X2.5 | H5: S1 | I5: 18.07 | J5: =ROUNDUP(I5,0) -> 19 | K5: (+10P0.8) | L5: 10P0.8 MAIN SWITCHBOARD 230VAC CONSUMERS | M5: 2266 | N5: SWITCHBOARD ROOM / LOCAL TABLEAUX | O5: (=101.1++1060+-101.1U07) | P5: DIESEL GENERATOR FORE | Q5: 3 | R5: 1060 | S5: ENGINE ROOM / SALLE DES MACHINES | T5: 10P0.8,226612013P20-10P0.8,1060P013X26N,1060P013X25N,1060P013X19N,1060P014X07N,1060P014X05N,1060P013X03N,1060P012X07N | V5: NOT LOCAL CABLE | W5: WK39/2024 NEW CABLE | X5: 10P0.8 | Y5: 1060P012X07N
A6: 101.1 | B6: 101.1W0005 | C6: 1 | D6: 1 | E6: 1 | G6: C 3X1.5 | H6: S1 | I6: 17.18 | J6: =ROUNDUP(I6,0) -> 18 | K6: (+10P0.2) | L6: 10P0.2 MAIN SWITCHBOARD DIESEL GENERATOR FWD | M6: 2266 | N6: SWITCHBOARD ROOM / LOCAL TABLEAUX | O6: (=101.1++1060+-101.1U07) | P6: DIESEL GENERATOR FORE | Q6: 3 | R6: 1060 | S6: ENGINE ROOM / SALLE DES MACHINES | T6: 10P0.2,226612013P15-10P0.2,1060P013X27N,1060P013X19N,1060P014X07N,1060P014X05N,1060P013X03N,1060P012X07N | V6: NOT LOCAL CABLE | W6: WK39/2024 NEW CABLE | X6: 10P0.2 | Y6: 1060P012X07N
A7: 101.1 | B7: 101.1W0009 | C7: 1 | G7: FLEX 1X120 | H7: S1 | I7: 13.6 | J7: =ROUNDUP(I7,0) -> 14 | K7: (+14E1) | L7: "14E1" ME'S & DG'S START BATTERY COMUTATION PANEL | M7: 1060 | N7: ENGINE ROOM / SALLE DES MACHINES | O7: (=101.1++1060+-101.1U07) | P7: DIESEL GENERATOR FORE | Q7: 3 | R7: 1060 | S7: ENGINE ROOM / SALLE DES MACHINES | T7: 1060P011X07N,1060P012X01N,1060P013X03N,1060P012X07N | V7: LOCAL | W7: WK39/2024 NEW CABLE | X7: 1060P011X07N | Y7: 1060P012X07N
A8: 101.1 | B8: 101.1W0010 | C8: 1 | G8: FLEX 1X120 | H8: S1 | I8: 13.6 | J8: =ROUNDUP(I8,0) -> 14 | K8: (+14E1) | L8: "14E1" ME'S & DG'S START BATTERY COMUTATION PANEL | M8: 1060 | N8: ENGINE ROOM / SALLE DES MACHINES | O8: (=101.1++1060+-101.1U07) | P8: DIESEL GENERATOR FORE | Q8: 3 | R8: 1060 | S8: ENGINE ROOM / SALLE DES MACHINES | T8: 1060P011X07N,1060P012X01N,1060P013X03N,1060P012X07N | V8: LOCAL | W8: WK39/2024 NEW CABLE | X8: 1060P011X07N | Y8: 1060P012X07N
A9: 101.1 | B9: 101.1W0012 | C9: 1 | G9: C 2X2.5 | H9: S1 | I9: 25.17 | J9: =ROUNDUP(I9,0) -> 26 | K9: (=101.1++1060+-101.1U01) | L9: DIESEL GENERATOR FORE PANEL | M9: 1060 | N9: ENGINE ROOM / SALLE DES MACHINES | O9: (=101.1++1060+-101.1U02) | P9: SCR PANEL DIESEL GENERATOR FORE 10610E03 | Q9: 3 | R9: 1060 | S9: ENGINE ROOM / SALLE DES MACHINES | T9: 1060P012X01N,1060P014X05N,1060P014X07N,1060P013X19N,1060P013X22N,1060S013X03N,1060S014X02N,1060S012X02N,1060S012X16N,1060S012X14N,1060S012X13N | V9: LOCAL | W9: WK39/2024 NEW CABLE | X9: 1060P012X01N | Y9: 1060S012X13N
A10: 101.1 | B10: 101.1W0015 | C10: 1 | G10: C 2X2.5 | H10: S1 | I10: 11.12 | J10: =ROUNDUP(I10,0) -> 12 | K10: (+14E1) | L10: "14E1" ME'S & DG'S START BATTERY COMUTATION PANEL | M10: 1060 | N10: ENGINE ROOM / SALLE DES MACHINES | O10: (=101.1++1060+-101.1U01) | P10: DIESEL GENERATOR FORE PANEL | Q10: 4 | R10: 1060 | S10: ENGINE ROOM / SALLE DES MACHINES | T10: 1060P011X07N,1060P012X01N | V10: LOCAL | W10: WK39/2024 NEW CABLE | X10: 1060P011X07N | Y10: 1060P012X01N
A11: 101.1 | B11: 101.1W0016 | C11: 1 | D11: 1 | E11: 1 | G11: C 2X2.5 | H11: S1 | I11: 28.25 | J11: =ROUNDUP(I11,0) -> 29 | K11: (+14E4) | L11: 14E4 24VDC SERVICE DISTRIBUTION PANEL | M11: 2266 | N11: SWITCHBOARD ROOM / LOCAL TABLEAUX | O11: (=101.1++1060+-101.1U01) | P11: DIESEL GENERATOR FORE PANEL | Q11: 4 | R11: 1060 | S11: ENGINE ROOM / SALLE DES MACHINES | T11: 2266P011X21N,226612013P11,1060P013X26N,1060P013X25N,1060P013X19N,1060P014X07N,1060P014X05N,1060P012X01N | V11: NOT LOCAL CABLE | W11: WK39/2024 NEW CABLE | X11: 2266P011X21N | Y11: 1060P012X01N
A12: 101.1 | B12: 101.1W0028 | C12: 1 | D12: 1 | G12: C+FR+SH 2X1.5 | H12: S1 | I12: 82.47 | J12: =ROUNDUP(I12,0) -> 83 | K12: (+42DF.7) | L12: 42DF.7 CENTRAL CONSOLE | M12: 4032 | N12: WHEELHOUSE / TIMONERIE | O12: (=101.1++1060+-101.1U01) | P12: DIESEL GENERATOR FORE PANEL | Q12: 4 | R12: 1060 | S12: ENGINE ROOM / SALLE DES MACHINES | T12: 4032P032X13N,4032S031X49N,4032P031X36N,4032S031X06N,304033030P11,3040P027X05N,3040S026X08N,3040S027X03N,3040S027X07N,204023027S11,2040S027X02N,2040S023X01N,2040S018X01N,204022015S11,2165S015X03N,2165S012X03N,216512012S11,1060S012X16N,1060S012X02N,1060S014X02N,1060S013X03N,1060P013X22N,1060P013X19N,1060P014X07N,1060P014X05N,1060P012X01N | V12: NOT LOCAL CABLE | W12: WK39/2024 NEW CABLE | X12: 4032P032X13N | Y12: 1060P012X01N
A13: 101.1 | B13: 101.1W0029 | C13: 1 | D13: 1 | G13: C+SH 3X2.5 | H13: S1 | I13: 75.14 | J13: =ROUNDUP(I13,0) -> 76 | K13: (+42DF.7) | L13: 42DF.7 CENTRAL CONSOLE | M13: 4032 | N13: WHEELHOUSE / TIMONERIE | O13: (=101.1++1060+-101.1U01) | P13: DIESEL GENERATOR FORE PANEL | Q13: 4 | R13: 1060 | S13: ENGINE ROOM / SALLE DES MACHINES | T13: 4032P032X13N,4032S031X06N,304033030P11,3040P027X05N,3040P024X02N,3040P020X02N,3040P019X04N,3040P018X11N,3040P017X04N,3040P017X09N,204023018P11,2040P018X01N,2040P018X22N,226622015P11,227222011P11,2272P010X01N,2272P009X01N,2272P009X08N,106012011P11,1060P012X21N,1060P013X27N,1060P013X19N,1060P014X07N,1060P014X05N,1060P012X01N | V13: NOT LOCAL CABLE | W13: WK39/2024 NEW CABLE | X13: 4032P032X13N | Y13: 1060P012X01N
A14: 101.2 | B14: 101.2W0001 | C14: 1 | D14: 1 | G14: C 3X50 | H14: S1 | I14: 18.21 | J14: =ROUNDUP(I14,0) -> 19 | K14: (+10P0.6) | L14: 10P0.6 MAIN SWITCHBOARD DIESEL GENERATOR AFT | M14: 2266 | N14: SWITCHBOARD ROOM / LOCAL TABLEAUX | O14: (=101.2++1060+-101.2U07) | P14: DIESEL GENERATOR AFT | Q14: 3 | R14: 1060 | S14: ENGINE ROOM / SALLE DES MACHINES | T14: 10P0.6,226612013P14-10P0.6,1060P013X25N,1060P013X19N,1060P014X07N,1060P014X05N,1060P012X01N,1060P011X04N,1060P010X01N | V14: NOT LOCAL CABLE | W14: WK39/2024 NEW CABLE | X14: 10P0.6 | Y14: 1060P010X01N
A15: 101.2 | B15: 101.2W0002 | C15: 1 | D15: 1 | G15: C 3X50 | H15: S1 | I15: 18.21 | J15: =ROUNDUP(I15,0) -> 19 | K15: (+10P0.6) | L15: 10P0.6 MAIN SWITCHBOARD DIESEL GENERATOR AFT | M15: 2266 | N15: SWITCHBOARD ROOM / LOCAL TABLEAUX | O15: (=101.2++1060+-101.2U07) | P15: DIESEL GENERATOR AFT | Q15: 3 | R15: 1060 | S15: ENGINE ROOM / SALLE DES MACHINES | T15: 10P0.6,226612013P14-10P0.6,1060P013X25N,1060P013X19N,1060P014X07N,1060P014X05N,1060P012X01N,1060P011X04N,1060P010X01N | V15: NOT LOCAL CABLE | W15: WK39/2024 NEW CABLE | X15: 10P0.6 | Y15: 1060P010X01N
A16: 101.2 | B16: 101.2W0003 | C16: 1 | D16: 1 | G16: C 3X50 | H16: S1 | I16: 18.21 | J16: =ROUNDUP(I16,0) -> 19 | K16: (+10P0.6) | L16: 10P0.6 MAIN SWITCHBOARD DIESEL GENERATOR AFT | M16: 2266 | N16: SWITCHBOARD ROOM / LOCAL TABLEAUX | O16: (=101.2++1060+-101.2U07) | P16: DIESEL GENERATOR AFT | Q16: 3 | R16: 1060 | S16: ENGINE ROOM / SALLE DES MACHINES | T16: 10P0.6,226612013P14-10P0.6,1060P013X25N,1060P013X19N,1060P014X07N,1060P014X05N,1060P012X01N,1060P011X04N,1060P010X01N | V16: NOT LOCAL CABLE | W16: WK39/2024 NEW CABLE | X16: 10P0.6 | Y16: 1060P010X01N
A17: 101.2 | B17: 101.2W0004 | C17: 1 | D17: 1 | E17: 1 | G17: C 3X2.5 | H17: S1 | I17: 20.43 | J17: =ROUNDUP(I17,0) -> 21 | K17: (+10P0.8) | L17: 10P0.8 MAIN SWITCHBOARD 230VAC CONSUMERS | M17: 2266 | N17: SWITCHBOARD ROOM / LOCAL TABLEAUX | O17: (=101.2++1060+-101.2U07) | P17: DIESEL GENERATOR AFT | Q17: 3 | R17: 1060 | S17: ENGINE ROOM / SALLE DES MACHINES | T17: 10P0.8,226612013P20-10P0.8,1060P013X26N,1060P013X25N,1060P013X19N,1060P014X07N,1060P014X05N,1060P012X01N,1060P011X04N,1060P010X01N | V17: NOT LOCAL CABLE | W17: WK39/2024 NEW CABLE | X17: 10P0.8 | Y17: 1060P010X01N
A18: 101.2 | B18: 101.2W0005 | C18: 1 | D18: 1 | G18: C 3X1.5 | H18: S1 | I18: 18.21 | J18: =ROUNDUP(I18,0) -> 19 | K18: (+10P0.6) | L18: 10P0.6 MAIN SWITCHBOARD DIESEL GENERATOR AFT | M18: 2266 | N18: SWITCHBOARD ROOM / LOCAL TABLEAUX | O18: (=101.2++1060+-101.2U07) | P18: DIESEL GENERATOR AFT | Q18: 3 | R18: 1060 | S18: ENGINE ROOM / SALLE DES MACHINES | T18: 10P0.6,226612013P14-10P0.6,1060P013X25N,1060P013X19N,1060P014X07N,1060P014X05N,1060P012X01N,1060P011X04N,1060P010X01N | V18: NOT LOCAL CABLE | W18: WK39/2024 NEW CABLE | X18: 10P0.6 | Y18: 1060P010X01N
A19: 101.2 | B19: 101.2W0009 | C19: 1 | G19: FLEX 1X120 | H19: S1 | I19: 11 | J19: =ROUNDUP(I19,0) -> 11 | K19: (+14E1) | L19: "14E1" ME'S & DG'S START BATTERY COMUTATION PANEL | M19: 1060 | N19: ENGINE ROOM / SALLE DES MACHINES | O19: (=101.2++1060+-101.2U07) | P19: DIESEL GENERATOR AFT | Q19: 3 | R19: 1060 | S19: ENGINE ROOM / SALLE DES MACHINES | T19: 1060P011X07N,1060P011X04N,1060P010X01N | V19: LOCAL | W19: WK39/2024 NEW CABLE | X19: 1060P011X07N | Y19: 1060P010X01N
A20: 101.2 | B20: 101.2W0010 | C20: 1 | G20: FLEX 1X120 | H20: S1 | I20: 11 | J20: =ROUNDUP(I20,0) -> 11 | K20: (+14E1) | L20: "14E1" ME'S & DG'S START BATTERY COMUTATION PANEL | M20: 1060 | N20: ENGINE ROOM / SALLE DES MACHINES | O20: (=101.2++1060+-101.2U07) | P20: DIESEL GENERATOR AFT | Q20: 3 | R20: 1060 | S20: ENGINE ROOM / SALLE DES MACHINES | T20: 1060P011X07N,1060P011X04N,1060P010X01N | V20: LOCAL | W20: WK39/2024 NEW CABLE | X20: 1060P011X07N | Y20: 1060P010X01N
A21: 101.2 | B21: 101.2W0012 | C21: 1 | D21: 1 | G21: C 2X2.5 | H21: S1 | I21: 14.79 | J21: =ROUNDUP(I21,0) -> 15 | K21: (=101.2++1060+-101.2U01) | L21: DIESEL GENERATOR AFT PANEL | M21: 1060 | N21: ENGINE ROOM / SALLE DES MACHINES | O21: (=101.2++1060+-101.2U02) | P21: SCR PANEL DIESEL GENERATOR AFT 10610E04 | Q21: 0 | R21: 1060 | S21: ENGINE ROOM / SALLE DES MACHINES | T21: OFF ROUTE | V21: LOCAL | W21: WK10/2025/UPDATE CABLE LENGHT-PVN COMM R1.05 | X21: OFF ROUTE | Y21: OFF ROUTE
A22: 101.2 | B22: 101.2W0015 | C22: 1 | G22: C 2X2.5 | H22: S1 | I22: 25.1 | J22: =ROUNDUP(I22,0) -> 26 | K22: (+14E1) | L22: "14E1" ME'S & DG'S START BATTERY COMUTATION PANEL | M22: 1060 | N22: ENGINE ROOM / SALLE DES MACHINES | O22: (=101.2++1060+-101.2U01) | P22: DIESEL GENERATOR AFT PANEL | Q22: 3.5 | R22: 1060 | S22: ENGINE ROOM / SALLE DES MACHINES | T22: 1060P011X07N,1060P012X01N,1060P014X05N,1060P014X07N,1060P013X19N,1060P013X27N,1060P012X21N,1060P012X18N,1060P009X04N,1060P009X05N,1060S009X03N | V22: LOCAL | W22: WK39/2024 NEW CABLE | X22: 1060P011X07N | Y22: 1060S009X03N
A23: 101.2 | B23: 101.2W0016 | C23: 1 | G23: C 2X2.5 | H23: S1 | I23: 25.41 | J23: =ROUNDUP(I23,0) -> 26 | K23: (+14E4) | L23: 14E4 24VDC SERVICE DISTRIBUTION PANEL | M23: 2266 | N23: SWITCHBOARD ROOM / LOCAL TABLEAUX | O23: (=101.2++1060+-101.2U01) | P23: DIESEL GENERATOR AFT PANEL | Q23: 3.5 | R23: 1060 | S23: ENGINE ROOM / SALLE DES MACHINES | T23: 2266P011X21N,227222011P11,2272P010X01N,2272P009X01N,2272P009X08N,106012011P11,1060P012X21N,1060P012X18N,1060P009X04N,1060P009X05N,1060S009X03N | V23: NOT LOCAL CABLE | W23: WK39/2024 NEW CABLE | X23: 2266P011X21N | Y23: 1060S009X03N
A24: 101.2 | B24: 101.2W0028 | C24: 1 | G24: C+FR+SH 2X1.5 | H24: S1 | I24: 57.43 | J24: =ROUNDUP(I24,0) -> 58 | K24: (+42DF.7) | L24: 42DF.7 CENTRAL CONSOLE | M24: 4032 | N24: WHEELHOUSE / TIMONERIE | O24: (=101.2++1060+-101.2U01) | P24: DIESEL GENERATOR AFT PANEL | Q24: 3.5 | R24: 1060 | S24: ENGINE ROOM / SALLE DES MACHINES | T24: 4032P032X13N,4032S031X06N,4032S031X05N,4032S031X03N,304033030S11,3040S027X02N,3040S027X03N,3040S023X01N,3040S021X02N,3040S017X03N,316333015S11,3163S014X02N,3163S012X04N,3163S012X06N,216523012S11,216512012S11,1060S012X16N,1060S009X02N,1060S009X03N | V24: NOT LOCAL CABLE | W24: WK39/2024 NEW CABLE | X24: 4032P032X13N | Y24: 1060S009X03N
A25: 101.2 | B25: 101.2W0029 | C25: 1 | G25: C+SH 3X2.5 | H25: S1 | I25: 57.43 | J25: =ROUNDUP(I25,0) -> 58 | K25: (+42DF.7) | L25: 42DF.7 CENTRAL CONSOLE | M25: 4032 | N25: WHEELHOUSE / TIMONERIE | O25: (=101.2++1060+-101.2U01) | P25: DIESEL GENERATOR AFT PANEL | Q25: 3.5 | R25: 1060 | S25: ENGINE ROOM / SALLE DES MACHINES | T25: 4032P032X13N,4032S031X06N,4032S031X05N,4032S031X03N,304033030S11,3040S027X02N,3040S027X03N,3040S023X01N,3040S021X02N,3040S017X03N,316333015S11,3163S014X02N,3163S012X04N,3163S012X06N,216523012S11,216512012S11,1060S012X16N,1060S009X02N,1060S009X03N | V25: NOT LOCAL CABLE | W25: WK39/2024 NEW CABLE | X25: 4032P032X13N | Y25: 1060S009X03N
A26: 102 | B26: 102W0003 | C26: 1 | D26: 1 | G26: C 2X2.5 | H26: S1 | I26: 14.75 | J26: =ROUNDUP(I26,0) -> 15 | K26: (+14E3) | L26: 14E3 EDG START BATTERY PANEL | M26: 4262 | N26: EMG. GENSET / GROUPE DE SECOURS | O26: (=102++4262+-102U01) | P26: EMERGENCY GENERATOR PANEL | Q26: 2.5 | R26: 4262 | S26: EMG. GENSET / GROUPE DE SECOURS | T26: 4262P012X02N,4262P014X01N,4262P015X03N,4262P013X06N | V26: LOCAL | W26: WK39/2024 NEW CABLE | X26: 4262P012X02N | Y26: 4262P013X06N
A27: 102 | B27: 102W0004 | C27: 1 | G27: C 3X2.5 | H27: S1 | I27: 10.71 | J27: =ROUNDUP(I27,0) -> 11 | K27: (+12EP0.2) | L27: 12EP0.2 EMERGENCY SWITCHBOARD CONSUMERS 3X230V 50HZ | M27: 4262 | N27: EMG. GENSET / GROUPE DE SECOURS | O27: (=102++4262+-102U02) | P27: EMERGENCY GENERATOR | Q27: 0 | R27: 4262 | S27: EMG. GENSET / GROUPE DE SECOURS | T27: OFF ROUTE | V27: LOCAL | W27: WK39/2024 NEW CABLE | X27: OFF ROUTE | Y27: OFF ROUTE
A28: 102 | B28: 102W0005 | C28: 1 | G28: FLEX 1X50 | H28: S1 | I28: 13.73 | J28: =ROUNDUP(I28,0) -> 14 | K28: (+14E3) | L28: 14E3 EDG START BATTERY PANEL | M28: 4262 | N28: EMG. GENSET / GROUPE DE SECOURS | O28: (=102++4262+-102U02) | P28: EMERGENCY GENERATOR | Q28: 1.5 | R28: 4262 | S28: EMG. GENSET / GROUPE DE SECOURS | T28: 4262P012X02N,4262P014X01N,4262P015X03N,4262P013X06N | V28: LOCAL | W28: WK39/2024 NEW CABLE | X28: 4262P012X02N | Y28: 4262P013X06N
A29: 102 | B29: 102W0006 | C29: 1 | G29: FLEX 1X50 | H29: S1 | I29: 13.73 | J29: =ROUNDUP(I29,0) -> 14 | K29: (+14E3) | L29: 14E3 EDG START BATTERY PANEL | M29: 4262 | N29: EMG. GENSET / GROUPE DE SECOURS | O29: (=102++4262+-102U02) | P29: EMERGENCY GENERATOR | Q29: 1.5 | R29: 4262 | S29: EMG. GENSET / GROUPE DE SECOURS | T29: 4262P012X02N,4262P014X01N,4262P015X03N,4262P013X06N | V29: LOCAL | W29: WK39/2024 NEW CABLE | X29: 4262P012X02N | Y29: 4262P013X06N
A30: 102 | B30: 102W0008 | C30: 1 | D30: 1 | G30: C 3X1.5 | H30: S1 | I30: 7.69 | J30: =ROUNDUP(I30,0) -> 8 | K30: (+12EP0.1) | L30: 12EP0.1 EMERGENCY SWITCHBOARD EDG 52KW / MSB TRANSFER LINE / CONSUMERS 3X400V 50HZ | M30: 4262 | N30: EMG. GENSET / GROUPE DE SECOURS | O30: (=102++4262+-102U02) | P30: EMERGENCY GENERATOR | Q30: 1.5 | R30: 4262 | S30: EMG. GENSET / GROUPE DE SECOURS | T30: 12EP0.1,4262P013X06N | V30: LOCAL | W30: WK39/2024 NEW CABLE | X30: 12EP0.1 | Y30: 4262P013X06N
A31: 102 | B31: 102W0009 | C31: 1 | G31: C 3X70 | H31: S1 | I31: 5.65 | J31: =ROUNDUP(I31,0) -> 6 | K31: (+12EP0.1) | L31: 12EP0.1 EMERGENCY SWITCHBOARD EDG 52KW / MSB TRANSFER LINE / CONSUMERS 3X400V 50HZ | M31: 4262 | N31: EMG. GENSET / GROUPE DE SECOURS | O31: (=102++4262+-102U02) | P31: EMERGENCY GENERATOR | Q31: 1.5 | R31: 4262 | S31: EMG. GENSET / GROUPE DE SECOURS | T31: 12EP0.1,4262P013X06N | V31: LOCAL | W31: WK03/2025/UPDATE CABLE TYPE R1.01 | X31: 12EP0.1 | Y31: 4262P013X06N
A32: 102 | B32: 102W0013 | C32: 1 | D32: 1 | G32: C+SH 3X1.5 | H32: S1 | I32: 11.28 | J32: =ROUNDUP(I32,0) -> 12 | K32: (+12EP0.1) | L32: 12EP0.1 EMERGENCY SWITCHBOARD EDG 52KW / MSB TRANSFER LINE / CONSUMERS 3X400V 50HZ | M32: 4262 | N32: EMG. GENSET / GROUPE DE SECOURS | O32: (+12EP0.2) | P32: 12EP0.2 EMERGENCY SWITCHBOARD CONSUMERS 3X230V 50HZ | Q32: 4 | R32: 4262 | S32: EMG. GENSET / GROUPE DE SECOURS | T32: 12EP0.1,326434015P11,3264P015X05N,326434015P12,12EP0.2 | V32: LOCAL | W32: WK03/2025/NEW CABLE R1.01 | X32: 12EP0.1 | Y32: 12EP0.2
A33: 102 | B33: 102W0014 | C33: 1 | D33: 1 | E33: 1 | G33: C 2X2.5 | H33: S1 | I33: 27.57 | J33: =ROUNDUP(I33,0) -> 28 | K33: (+14E4) | L33: 14E4 24VDC SERVICE DISTRIBUTION PANEL | M33: 2266 | N33: SWITCHBOARD ROOM / LOCAL TABLEAUX | O33: (=102++4262+-102U01) | P33: EMERGENCY GENERATOR PANEL | Q33: 2.5 | R33: 4262 | S33: EMG. GENSET / GROUPE DE SECOURS | T33: 2266P011X21N,226623013P11,3264P012X08N,3264P012X04N,3264P015X01N,326434015P11,4262P013X06N | V33: NOT LOCAL CABLE | W33: WK03/2025/NEW CABLE R1.01 | X33: 2266P011X21N | Y33: 4262P013X06N
A34: 105 | B34: 105W0001 | C34: 1 | D34: 1 | E34: 1 | G34: C 3X50 | H34: S1 | I34: 30.63 | J34: =ROUNDUP(I34,0) -> 31 | K34: (+10P0.1) | L34: 10P0.1 MAIN SWITCHBOARD 400VAC CONSUMERS | M34: 2266 | N34: SWITCHBOARD ROOM / LOCAL TABLEAUX | O34: (+10SC1) | P34: 10SC1 SHORE CONNECTION BOX 250A | Q34: 3 | R34: 4161 | S34: AIR TREATMENT / CENTR. TRAIT. AIR | T34: 10P0.1,226612013P17-10P0.1,1060P013X27N,1060P013X19N,1060P013X22N,1060S013X03N,1060S014X02N,1060S012X02N,1060S012X16N,216512012S11,216523012S11,3163S012X06N,3163S012X04N,3163S011X01N,416134012S11,4161S012X03N | V34: NOT LOCAL CABLE | W34: WK39/2024 NEW CABLE | X34: 10P0.1 | Y34: 4161S012X03N
A35: 105 | B35: 105W0002 | C35: 1 | D35: 1 | E35: 1 | G35: C 3X50 | H35: S1 | I35: 30.63 | J35: =ROUNDUP(I35,0) -> 31 | K35: (+10P0.1) | L35: 10P0.1 MAIN SWITCHBOARD 400VAC CONSUMERS | M35: 2266 | N35: SWITCHBOARD ROOM / LOCAL TABLEAUX | O35: (+10SC1) | P35: 10SC1 SHORE CONNECTION BOX 250A | Q35: 3 | R35: 4161 | S35: AIR TREATMENT / CENTR. TRAIT. AIR | T35: 10P0.1,226612013P17-10P0.1,1060P013X27N,1060P013X19N,1060P013X22N,1060S013X03N,1060S014X02N,1060S012X02N,1060S012X16N,216512012S11,216523012S11,3163S012X06N,3163S012X04N,3163S011X01N,416134012S11,4161S012X03N | V35: NOT LOCAL CABLE | W35: WK39/2024 NEW CABLE | X35: 10P0.1 | Y35: 4161S012X03N
A36: 105 | B36: 105W0003 | C36: 1 | D36: 1 | G36: C 3X95 | H36: S1 | I36: 28.44 | J36: =ROUNDUP(I36,0) -> 29 | K36: (+10P0.7) | L36: 10P0.7 MAIN SWITCHBOARD 400VAC CONSUMERS | M36: 2266 | N36: SWITCHBOARD ROOM / LOCAL TABLEAUX | O36: (+10SC2) | P36: 10SC2 SHORE CONNECTION BOX 400A | Q36: 3 | R36: 4161 | S36: AIR TREATMENT / CENTR. TRAIT. AIR | T36: 10P0.7,226612013P19-10P0.7,1060P013X26N,1060P013X25N,1060P013X19N,1060P013X22N,1060S013X03N,1060S014X02N,1060S012X02N,1060S012X16N,216512012S11,216523012S11,3163S012X06N,3163S012X04N,416134011S11,4161S011X07N | V36: NOT LOCAL CABLE | W36: WK39/2024 NEW CABLE | X36: 10P0.7 | Y36: 4161S011X07N
A37: 105 | B37: 105W0004 | C37: 1 | D37: 1 | G37: C 3X95 | H37: S1 | I37: 28.44 | J37: =ROUNDUP(I37,0) -> 29 | K37: (+10P0.7) | L37: 10P0.7 MAIN SWITCHBOARD 400VAC CONSUMERS | M37: 2266 | N37: SWITCHBOARD ROOM / LOCAL TABLEAUX | O37: (+10SC2) | P37: 10SC2 SHORE CONNECTION BOX 400A | Q37: 3 | R37: 4161 | S37: AIR TREATMENT / CENTR. TRAIT. AIR | T37: 10P0.7,226612013P19-10P0.7,1060P013X26N,1060P013X25N,1060P013X19N,1060P013X22N,1060S013X03N,1060S014X02N,1060S012X02N,1060S012X16N,216512012S11,216523012S11,3163S012X06N,3163S012X04N,416134011S11,4161S011X07N | V37: NOT LOCAL CABLE | W37: WK39/2024 NEW CABLE | X37: 10P0.7 | Y37: 4161S011X07N
A38: 122 | B38: 122W0001 | C38: 1 | D38: 1 | G38: C 3X25 | H38: S1 | I38: 8.05 | J38: =ROUNDUP(I38,0) -> 9 | K38: (+10P0.1) | L38: 10P0.1 MAIN SWITCHBOARD 400VAC CONSUMERS | M38: 2266 | N38: SWITCHBOARD ROOM / LOCAL TABLEAUX | O38: (=122++2266+-11T1) | P38: MAIN TRANSFORMER 1 | Q38: 1.5 | R38: 2266 | S38: SWITCHBOARD ROOM / LOCAL TABLEAUX | T38: 10P0.1,2266P012P07N,2266P011P02N | V38: LOCAL | W38: WK39/2024 NEW CABLE | X38: 10P0.1 | Y38: 2266P011P02N
A39: 122 | B39: 122W0003 | C39: 1 | G39: C 3X25 | H39: S1 | I39: 15.41 | J39: =ROUNDUP(I39,0) -> 16 | K39: (+10P0.7) | L39: 10P0.7 MAIN SWITCHBOARD 400VAC CONSUMERS | M39: 2266 | N39: SWITCHBOARD ROOM / LOCAL TABLEAUX | O39: (=122++2266+-11T2) | P39: MAIN TRANSFORMER 2 | Q39: 2.5 | R39: 2266 | S39: SWITCHBOARD ROOM / LOCAL TABLEAUX | T39: 10P0.7,2266P014P10N,2266P012P15N,2266P012P07N,2266P012P10N,2266P011P01N | V39: LOCAL | W39: WK39/2024 NEW CABLE | X39: 10P0.7 | Y39: 2266P011P01N
A40: 122 | B40: 122W0004 | C40: 1 | G40: C 3X25 | H40: S1 | I40: 53.46 | J40: =ROUNDUP(I40,0) -> 54 | K40: (+10P0.1) | L40: 10P0.1 MAIN SWITCHBOARD 400VAC CONSUMERS | M40: 2266 | N40: SWITCHBOARD ROOM / LOCAL TABLEAUX | O40: (+11P1) | P40: 11P1 400V/230V POWER DISTRIBUTION PANEL NO.1 - GALLEY & PANTRY SPACE | Q40: 3 | R40: 4040 | S40: ELECTRICAL ROOM / LOCAL ELECTRIQUE | T40: 10P0.1,226612013P17-10P0.1,1060P013X27N,1060P013X19N,1060P013X22N,1060S013X03N,1060S014X02N,1060S012X02N,1060S012X16N,216512012S11,216523012S11,3163S012X06N,3163S012X04N,3163S014X02N,316333015S11,3040S017X03N,3040S021X02N,3040S023X01N,3040S026X08N,304034028S11,4040S028X08N | V40: NOT LOCAL CABLE | W40: WK39/2024 NEW CABLE | X40: 10P0.1 | Y40: 4040S028X08N
A41: 122 | B41: 122W0006 | C41: 1 | D41: 1 | E41: 1 | G41: EMC 3X70 | H41: S1 | I41: 27.93 | J41: =ROUNDUP(I41,0) -> 28 | K41: (+10P0.3) | L41: 10P0.3 MAIN SWITCHBOARD BUS-TIE / SYNCHRONIZATION / ESB TRANSFER LINE | M41: 2266 | N41: SWITCHBOARD ROOM / LOCAL TABLEAUX | O41: (+12EP0.1) | P41: 12EP0.1 EMERGENCY SWITCHBOARD EDG 52KW / MSB TRANSFER LINE / CONSUMERS 3X400V 50HZ | Q41: 4 | R41: 4262 | S41: EMG. GENSET / GROUPE DE SECOURS | T41: 10P0.3,226612013P16-10P0.3,1060P013X07N,1060P013X09N,226612013P11,226623013P11,3264P012X08N,3264P012X04N,3264P015X01N,326434015P11,12EP0.1 | V41: NOT LOCAL CABLE | W41: WK39/2024 NEW CABLE | X41: 10P0.3 | Y41: 12EP0.1
A42: 122 | B42: 122W0015 | C42: 1 | G42: C 3X25 | H42: S1 | I42: 14.39 | J42: =ROUNDUP(I42,0) -> 15 | K42: (+10P0.7) | L42: 10P0.7 MAIN SWITCHBOARD 400VAC CONSUMERS | M42: 2266 | N42: SWITCHBOARD ROOM / LOCAL TABLEAUX | O42: (=122++2266+-11T3) | P42: MAIN TRANSFORMER 3 | Q42: 1.5 | R42: 2266 | S42: SWITCHBOARD ROOM / LOCAL TABLEAUX | T42: 10P0.7,2266P014P10N,2266P012P15N,2266P012P07N,2266P012P10N,2266P011P01N | V42: LOCAL | W42: WK39/2024 NEW CABLE | X42: 10P0.7 | Y42: 2266P011P01N
A43: 122 | B43: 122W0017 | C43: 1 | D43: 1 | E43: 1 | G43: C 3X10 | H43: S1 | I43: 48.97 | J43: =ROUNDUP(I43,0) -> 49 | K43: (+10P0.1) | L43: 10P0.1 MAIN SWITCHBOARD 400VAC CONSUMERS | M43: 2266 | N43: SWITCHBOARD ROOM / LOCAL TABLEAUX | O43: (=122++2040+-X01) | P43: SOCKET FORKLIFT CHARGING STATION AFT 2 | Q43: 15 | R43: 2040 | S43: MIDDLE AFT HOLD / CALE AR MILIEU | T43: 10P0.1,226612013P17-10P0.1,1060P013X07N,1060P013X09N,226612013P11,226622015P11,2040P018X22N,2040P018X01N,2040P022X01N,2040P025X01N | V43: NOT LOCAL CABLE | W43: WK03/2025/UPDATE TARGET&CTYPE R1.01 | X43: 10P0.1 | Y43: 2040P025X01N
A44: 122 | B44: 122W0018 | C44: 1 | D44: 1 | E44: 1 | G44: C 3X10 | H44: S1 | I44: 90.71 | J44: =ROUNDUP(I44,0) -> 91 | K44: (+10P0.1) | L44: 10P0.1 MAIN SWITCHBOARD 400VAC CONSUMERS | M44: 2266 | N44: SWITCHBOARD ROOM / LOCAL TABLEAUX | O44: (=122++2030+-X02) | P44: SOCKET FORKLIFT CHARGING STATION FORE 2 | Q44: 15 | R44: 2030 | S44: MIDDLE FORE HOLD / CALE AV MILIEU | T44: 10P0.1,226612013P17-10P0.1,1060P013X07N,1060P013X09N,1060P013X26N,1060P013X25N,1060P014X31N,1060P015X11N,1060P017X03N,106011018P13,1040P019X10N,1040P019X07N,1040S019X01N,1040S022X02N,1040S024X01N,1040S027X01N,103011030S12,1030S032X01N,1030S036X02N,1030S040X03N,1030S041X01N,103012042S11,2030S042X07N,2030S042X01N,2030S043X02N,2030P043X04N,2030P043X05N,2030P042X01N,2030P040X01N,2030P036X01N,2030P035X01N | V44: NOT LOCAL CABLE | W44: WK03/2025/UPDATE SOURCE&TARGET&CABLE TYPE R1.01 | X44: 10P0.1 | Y44: 2030P035X01N
A45: 122 | B45: 122W0019 | C45: 1 | D45: 1 | E45: 1 | G45: C 3X10 | H45: S1 | I45: 59.66 | J45: =ROUNDUP(I45,0) -> 60 | K45: (+10P0.7) | L45: 10P0.7 MAIN SWITCHBOARD 400VAC CONSUMERS | M45: 2266 | N45: SWITCHBOARD ROOM / LOCAL TABLEAUX | O45: (=122++3040+-X03) | P45: SOCKET FORKLIFT CHARGING STATION AFT 1 | Q45: 17 | R45: 3040 | S45: UPPER AFT HOLD / CALE AR SUP | T45: 10P0.7,226612013P19-10P0.7,1060P013X26N,1060P013X25N,1060P013X19N,1060P014X07N,226612014P11,226622015P11,2040P018X22N,2040P018X01N,204023018P11,3040P017X09N,3040P017X04N,3040P018X11N,3040P019X04N,3040P023X04N,3040P029X07N | V45: NOT LOCAL CABLE | W45: WK03/2025/UPDATE TARGET&CTYPE R1.01 | X45: 10P0.7 | Y45: 3040P029X07N
A46: 122 | B46: 122W0020 | C46: 1 | D46: 1 | E46: 1 | G46: C 3X10 | H46: S1 | I46: 60.65 | J46: =ROUNDUP(I46,0) -> 61 | K46: (+10P0.7) | L46: 10P0.7 MAIN SWITCHBOARD 400VAC CONSUMERS | M46: 2266 | N46: SWITCHBOARD ROOM / LOCAL TABLEAUX | O46: (=122++2030+-X04) | P46: SOCKET FORKLIFT CHARGING STATION FORE 1 | Q46: 15 | R46: 2030 | S46: MIDDLE FORE HOLD / CALE AV MILIEU | T46: 10P0.7,226612013P19-10P0.7,226612013P11,226622015P11,2040P018X22N,2040P018X01N,2040P022X01N,2040P029X04N,204022030P11,2030P032X01N,2030P035X01N | V46: NOT LOCAL CABLE | W46: WK03/2025/UPDATE TARGET&CTYPE R1.01 | X46: 10P0.7 | Y46: 2030P035X01N
A47: 122 | B47: 122W0027 | C47: 1 | D47: 1 | E47: 1 | G47: C 2X1.5 | H47: S1 | I47: 21.47 | J47: =ROUNDUP(I47,0) -> 22 | K47: (+10P0.1) | L47: 10P0.1 MAIN SWITCHBOARD 400VAC CONSUMERS | M47: 2266 | N47: SWITCHBOARD ROOM / LOCAL TABLEAUX | O47: (+14E4) | P47: 14E4 24VDC SERVICE DISTRIBUTION PANEL | Q47: 4 | R47: 2266 | S47: SWITCHBOARD ROOM / LOCAL TABLEAUX | T47: 10P0.1,226612013P17-10P0.1,1060P013X07N,1060P011X20N,106012011P11,2272P009X08N,2272P009X01N,2272P010X01N,227222011P11,2266P011X21N | V47: LOCAL | W47: WK39/2024 NEW CABLE | X47: 10P0.1 | Y47: 2266P011X21N
A48: 122 | B48: 122W0028 | C48: 1 | D48: 1 | E48: 1 | G48: C 2X1.5 | H48: S1 | I48: 22.3 | J48: =ROUNDUP(I48,0) -> 23 | K48: (+10P0.2) | L48: 10P0.2 MAIN SWITCHBOARD DIESEL GENERATOR FWD | M48: 2266 | N48: SWITCHBOARD ROOM / LOCAL TABLEAUX | O48: (+14E4) | P48: 14E4 24VDC SERVICE DISTRIBUTION PANEL | Q48: 4 | R48: 2266 | S48: SWITCHBOARD ROOM / LOCAL TABLEAUX | T48: 10P0.2,226612013P15-10P0.2,1060P013X07N,1060P011X20N,106012011P11,2272P009X08N,2272P009X01N,2272P010X01N,227222011P11,2266P011X21N | V48: LOCAL | W48: WK39/2024 NEW CABLE | X48: 10P0.2 | Y48: 2266P011X21N
A49: 122 | B49: 122W0029 | C49: 1 | D49: 1 | E49: 1 | G49: C 2X1.5 | H49: S1 | I49: 22.66 | J49: =ROUNDUP(I49,0) -> 23 | K49: (+10P0.3) | L49: 10P0.3 MAIN SWITCHBOARD BUS-TIE / SYNCHRONIZATION / ESB TRANSFER LINE | M49: 2266 | N49: SWITCHBOARD ROOM / LOCAL TABLEAUX | O49: (+14E4) | P49: 14E4 24VDC SERVICE DISTRIBUTION PANEL | Q49: 4 | R49: 2266 | S49: SWITCHBOARD ROOM / LOCAL TABLEAUX | T49: 10P0.3,226612013P16-10P0.3,1060P013X27N,1060P012X21N,106012011P11,2272P009X08N,2272P009X01N,2272P010X01N,227222011P11,2266P011X21N | V49: LOCAL | W49: WK39/2024 NEW CABLE | X49: 10P0.3 | Y49: 2266P011X21N
A50: 122 | B50: 122W0030 | C50: 1 | D50: 1 | E50: 1 | G50: C 2X1.5 | H50: S1 | I50: 21.1 | J50: =ROUNDUP(I50,0) -> 22 | K50: (+10P0.6) | L50: 10P0.6 MAIN SWITCHBOARD DIESEL GENERATOR AFT | M50: 2266 | N50: SWITCHBOARD ROOM / LOCAL TABLEAUX | O50: (+14E4) | P50: 14E4 24VDC SERVICE DISTRIBUTION PANEL | Q50: 4 | R50: 2266 | S50: SWITCHBOARD ROOM / LOCAL TABLEAUX | T50: 10P0.6,226612013P14-10P0.6,1060P013X26N,226612013P11,2266P011X21N | V50: LOCAL | W50: WK39/2024 NEW CABLE | X50: 10P0.6 | Y50: 2266P011X21N
A51: 122 | B51: 122W0031 | C51: 1 | D51: 1 | E51: 1 | G51: C 2X1.5 | H51: S1 | I51: 20.07 | J51: =ROUNDUP(I51,0) -> 21 | K51: (+10P0.7) | L51: 10P0.7 MAIN SWITCHBOARD 400VAC CONSUMERS | M51: 2266 | N51: SWITCHBOARD ROOM / LOCAL TABLEAUX | O51: (+14E4) | P51: 14E4 24VDC SERVICE DISTRIBUTION PANEL | Q51: 4 | R51: 2266 | S51: SWITCHBOARD ROOM / LOCAL TABLEAUX | T51: 10P0.7,226612013P19-10P0.7,226612013P11,2266P011X21N | V51: LOCAL | W51: WK39/2024 NEW CABLE | X51: 10P0.7 | Y51: 2266P011X21N
A52: 123 | B52: 123W0002 | C52: 1 | G52: C 3X50 | H52: S1 | I52: 14.94 | J52: =ROUNDUP(I52,0) -> 15 | K52: (+10P0.8) | L52: 10P0.8 MAIN SWITCHBOARD 230VAC CONSUMERS | M52: 2266 | N52: SWITCHBOARD ROOM / LOCAL TABLEAUX | O52: (=122++2266+-11T3) | P52: MAIN TRANSFORMER 3 | Q52: 1.5 | R52: 2266 | S52: SWITCHBOARD ROOM / LOCAL TABLEAUX | T52: 10P0.8,2266P014P03N,2266P014P10N,2266P012P15N,2266P012P07N,2266P012P10N,2266P011P01N | V52: LOCAL | W52: WK39/2024 NEW CABLE | X52: 10P0.8 | Y52: 2266P011P01N
A53: 123 | B53: 123W0003 | C53: 1 | G53: C 3X50 | H53: S1 | I53: 14.15 | J53: =ROUNDUP(I53,0) -> 15 | K53: (+10P0.8) | L53: 10P0.8 MAIN SWITCHBOARD 230VAC CONSUMERS | M53: 2266 | N53: SWITCHBOARD ROOM / LOCAL TABLEAUX | O53: (=122++2266+-11T1) | P53: MAIN TRANSFORMER 1 | Q53: 1.5 | R53: 2266 | S53: SWITCHBOARD ROOM / LOCAL TABLEAUX | T53: 10P0.8,2266P014P03N,2266P014P10N,2266P012P15N,2266P012P07N,2266P011P02N | V53: LOCAL | W53: WK39/2024 NEW CABLE | X53: 10P0.8 | Y53: 2266P011P02N
A54: 123 | B54: 123W0004 | C54: 1 | G54: C 3X50 | H54: S1 | I54: 15.96 | J54: =ROUNDUP(I54,0) -> 16 | K54: (+10P0.8) | L54: 10P0.8 MAIN SWITCHBOARD 230VAC CONSUMERS | M54: 2266 | N54: SWITCHBOARD ROOM / LOCAL TABLEAUX | O54: (=122++2266+-11T2) | P54: MAIN TRANSFORMER 2 | Q54: 2.5 | R54: 2266 | S54: SWITCHBOARD ROOM / LOCAL TABLEAUX | T54: 10P0.8,2266P014P03N,2266P014P10N,2266P012P15N,2266P012P07N,2266P012P10N,2266P011P01N | V54: LOCAL | W54: WK39/2024 NEW CABLE | X54: 10P0.8 | Y54: 2266P011P01N
A55: 123 | B55: 123W0005 | C55: 1 | G55: C 3X2.5 | H55: S1 | I55: 17.99 | J55: =ROUNDUP(I55,0) -> 18 | K55: (+10P0.8) | L55: 10P0.8 MAIN SWITCHBOARD 230VAC CONSUMERS | M55: 2266 | N55: SWITCHBOARD ROOM / LOCAL TABLEAUX | O55: (=123++1060+-14C1) | P55: STARTING BATTERY CHARGER NO.1 ER PS FORE | Q55: 3.5 | R55: 1060 | S55: ENGINE ROOM / SALLE DES MACHINES | T55: 10P0.8,226612013P20-10P0.8,1060P013X09N,1060P013X07N,1060P011X20N,1060P010X18N,1060P010X14N,1060P011X16N,1060S011X15N | V55: NOT LOCAL CABLE | W55: WK39/2024 NEW CABLE | X55: 10P0.8 | Y55: 1060S011X15N
A56: 123 | B56: 123W0006 | C56: 1 | D56: 1 | E56: 2 | G56: C+SH 3X4 | H56: S1 | I56: 57.93 | J56: =ROUNDUP(I56,0) -> 58 | K56: (+10P0.8) | L56: 10P0.8 MAIN SWITCHBOARD 230VAC CONSUMERS | M56: 2266 | N56: SWITCHBOARD ROOM / LOCAL TABLEAUX | O56: (+11P1) | P56: 11P1 400V/230V POWER DISTRIBUTION PANEL NO.1 - GALLEY & PANTRY SPACE | Q56: 3 | R56: 4040 | S56: ELECTRICAL ROOM / LOCAL ELECTRIQUE | T56: 10P0.8,226612013P20-10P0.8,226612013P11,226622015P11,2040P018X22N,2040P018X01N,204023018P11,3040P017X09N,3040P017X04N,3040P018X11N,3040P019X04N,3040P023X04N,3040P029X07N,3040P027X05N,3040S026X08N,304034028S11,4040S028X08N | V56: NOT LOCAL CABLE | W56: WK39/2024 NEW CABLE | X56: 10P0.8 | Y56: 4040S028X08N
A57: 123 | B57: 123W0007 | C57: 1 | G57: C 3X2.5 | H57: S1 | I57: 16 | J57: =ROUNDUP(I57,0) -> 16 | K57: (+10P0.8) | L57: 10P0.8 MAIN SWITCHBOARD 230VAC CONSUMERS | M57: 2266 | N57: SWITCHBOARD ROOM / LOCAL TABLEAUX | O57: (=123++2266+-14C6) | P57: SERVICE BATTERY CHARGER NO.1 SWBD ROOM PS | Q57: 1.5 | R57: 2266 | S57: SWITCHBOARD ROOM / LOCAL TABLEAUX | T57: 10P0.8,2266P014P03N,2266P014P10N,2266P012P15N,2266P012P07N,2266P011P02N,2266P011X07N | V57: LOCAL | W57: WK03/2025/UPDATE CABLE TYPE R1.01 | X57: 10P0.8 | Y57: 2266P011X07N
A58: 123 | B58: 123W0008 | C58: 1 | D58: 1 | E58: 1 | G58: C 3X2.5 | H58: S1 | I58: 46.67 | J58: =ROUNDUP(I58,0) -> 47 | K58: (+10P0.8) | L58: 10P0.8 MAIN SWITCHBOARD 230VAC CONSUMERS | M58: 2266 | N58: SWITCHBOARD ROOM / LOCAL TABLEAUX | O58: (=123++4034+-14C8) | P58: NAUTICAL BATTERY CHARGER NO.2 INSTRUMENTS ROOM | Q58: 3.5 | R58: 4034 | S58: TEHNICAL FLOOR WHEELHOUSE / TIMONERIE PLANCHER TECHNIQUE | T58: 10P0.8,226612013P20-10P0.8,226612013P11,226623013P11,3264P012X08N,3264P012X04N,3264P015X01N,3264P015X05N,304033015P11,3040P018X06N,3040P020X03N,3040P020X02N,3040P024X02N,3040P027X05N,304033030P11,4032P030X13N | V58: NOT LOCAL CABLE | W58: WK03/2025/UPDATE CABLE TYPE R1.01 | X58: 10P0.8 | Y58: 4032P030X13N
A59: 123 | B59: 123W0009 | C59: 1 | D59: 1 | E59: 2 | G59: C 3X10 | H59: S1 | I59: 23.9 | J59: =ROUNDUP(I59,0) -> 24 | K59: (+10P0.8) | L59: 10P0.8 MAIN SWITCHBOARD 230VAC CONSUMERS | M59: 2266 | N59: SWITCHBOARD ROOM / LOCAL TABLEAUX | O59: (+11L1) | P59: 11L1 LIGHTING DISTRIBUTION PANEL NO.1 | Q59: 3 | R59: 3062 | S59: ALLEWAY / COURSIVE | T59: 3062P012X03N,3264P012X19N,3264P012X15N,3264P012X04N,3264P012X08N,226623013P11,226612013P11,226612013P12-10P0.8,10P0.8 | V59: NOT LOCAL CABLE | W59: WK39/2024 NEW CABLE | X59: 10P0.8 | Y59: 3062P012X03N
A60: 123 | B60: 123W0010 | C60: 1 | D60: 1 | E60: 2 | G60: C 3X10 | H60: S1 | I60: 70.95 | J60: =ROUNDUP(I60,0) -> 71 | K60: (+10P0.8) | L60: 10P0.8 MAIN SWITCHBOARD 230VAC CONSUMERS | M60: 2266 | N60: SWITCHBOARD ROOM / LOCAL TABLEAUX | O60: (+11L2) | P60: 11L2 LIGHTING DISTRIBUTION PANEL NO.2 | Q60: 4 | R60: 2020 | S60: HYDRAULIC PLANT / EQUIPEMENT HYDRAULIQUE | T60: 2020S051X12N,2020S051X05N,1020S052X04N,1020S050X02N,1020P048X02N,1020P047X01N,102011047P11,1030P043X05N,1030P042X08N,1030P037X03N,1030P031X03N,103011030P13,1040P028X04N,1040P023X04N,1040P019X10N,106011018P13,1060P017X03N,1060P015X11N,1060P014X31N,1060P013X25N,1060P013X26N,226612013P12-10P0.8,10P0.8 | V60: NOT LOCAL CABLE | W60: WK39/2024 NEW CABLE | X60: 10P0.8 | Y60: 2020S051X12N
A61: 123 | B61: 123W0011 | C61: 1 | D61: 1 | E61: 1 | G61: C 3X10 | H61: S1 | I61: 59.42 | J61: =ROUNDUP(I61,0) -> 60 | K61: (+10P0.8) | L61: 10P0.8 MAIN SWITCHBOARD 230VAC CONSUMERS | M61: 2266 | N61: SWITCHBOARD ROOM / LOCAL TABLEAUX | O61: (+11L3) | P61: 11L3 LIGHTING DISTRIBUTION PANEL NO.3 | Q61: 3 | R61: 4040 | S61: ELECTRICAL ROOM / LOCAL ELECTRIQUE | T61: 4040S028X14N,304034028S11,3040S026X08N,3040P027X05N,3040P029X07N,3040P023X04N,3040P019X04N,3040P018X11N,3040P017X04N,3040P017X09N,204023018P11,2040P018X01N,2040P018X22N,226622015P11,226612013P11,226612013P12-10P0.8,10P0.8 | V61: NOT LOCAL CABLE | W61: WK39/2024 NEW CABLE | X61: 10P0.8 | Y61: 4040S028X14N
A62: 123 | B62: 123W0012 | C62: 1 | D62: 1 | E62: 1 | G62: C+SH 3X4 | H62: S1 | I62: 68.89 | J62: =ROUNDUP(I62,0) -> 69 | K62: (+10P0.8) | L62: 10P0.8 MAIN SWITCHBOARD 230VAC CONSUMERS | M62: 2266 | N62: SWITCHBOARD ROOM / LOCAL TABLEAUX | O62: (+16NA) | P62: "16NA" 230VAC NAUTICAL DISTRIBUTION PANEL | Q62: 3 | R62: 4032 | S62: WHEELHOUSE / TIMONERIE | T62: 4032S030X01N,4032S031X03N,304033030S11,3040S027X02N,3040S027X03N,3040S027X07N,204023027S11,2040S027X02N,2040S023X01N,2040S018X01N,204022015S11,2165S015X03N,2165S012X03N,217122011S11,2171S008X01N,2272P008X03N,2272P010X01N,227222011P11,226612013P11,226612013P12-10P0.8,10P0.8 | V62: NOT LOCAL CABLE | W62: WK03/2025/UPDATE CABLE TYPE R1.01 | X62: 10P0.8 | Y62: 4032S030X01N
A63: 123 | B63: 123W0014 | C63: 1 | D63: 1 | E63: 1 | G63: C 3X1.5 | H63: S1 | I63: 12.65 | J63: =ROUNDUP(I63,0) -> 13 | K63: (+10P0.2) | L63: 10P0.2 MAIN SWITCHBOARD DIESEL GENERATOR FWD | M63: 2266 | N63: SWITCHBOARD ROOM / LOCAL TABLEAUX | O63: (+10P0.8) | P63: 10P0.8 MAIN SWITCHBOARD 230VAC CONSUMERS | Q63: 4 | R63: 2266 | S63: SWITCHBOARD ROOM / LOCAL TABLEAUX | T63: 10P0.2,226612013P15-10P0.2,1060P013X07N,1060P013X09N,226612013P20-10P0.8,10P0.8 | V63: LOCAL | W63: WK39/2024 NEW CABLE | X63: 10P0.2 | Y63: 10P0.8
A64: 123 | B64: 123W0015 | C64: 1 | D64: 1 | E64: 1 | G64: C 3X1.5 | H64: S1 | I64: 11.56 | J64: =ROUNDUP(I64,0) -> 12 | K64: (+10P0.6) | L64: 10P0.6 MAIN SWITCHBOARD DIESEL GENERATOR AFT | M64: 2266 | N64: SWITCHBOARD ROOM / LOCAL TABLEAUX | O64: (+10P0.8) | P64: 10P0.8 MAIN SWITCHBOARD 230VAC CONSUMERS | Q64: 4 | R64: 2266 | S64: SWITCHBOARD ROOM / LOCAL TABLEAUX | T64: 10P0.6,226612013P14-10P0.6,1060P013X26N,226612013P20-10P0.8,10P0.8 | V64: LOCAL | W64: WK39/2024 NEW CABLE | X64: 10P0.6 | Y64: 10P0.8
A65: 126 | B65: 126W0009 | C65: 1 | G65: C 1X35 | H65: S1 | I65: 3.57 | J65: =ROUNDUP(I65,0) -> 4 | K65: (+14E1) | L65: "14E1" ME'S & DG'S START BATTERY COMUTATION PANEL | M65: 1060 | N65: ENGINE ROOM / SALLE DES MACHINES | O65: (=123++1060+-14C1) | P65: STARTING BATTERY CHARGER NO.1 ER PS FORE | Q65: 0 | R65: 1060 | S65: ENGINE ROOM / SALLE DES MACHINES | T65: OFF ROUTE | V65: LOCAL | W65: WK39/2024 NEW CABLE | X65: OFF ROUTE | Y65: OFF ROUTE
A66: 126 | B66: 126W0010 | C66: 1 | G66: C 1X35 | H66: S1 | I66: 3.57 | J66: =ROUNDUP(I66,0) -> 4 | K66: (+14E1) | L66: "14E1" ME'S & DG'S START BATTERY COMUTATION PANEL | M66: 1060 | N66: ENGINE ROOM / SALLE DES MACHINES | O66: (=123++1060+-14C1) | P66: STARTING BATTERY CHARGER NO.1 ER PS FORE | Q66: 0 | R66: 1060 | S66: ENGINE ROOM / SALLE DES MACHINES | T66: OFF ROUTE | V66: LOCAL | W66: WK39/2024 NEW CABLE | X66: OFF ROUTE | Y66: OFF ROUTE
A67: 126 | B67: 126W0011 | C67: 1 | G67: C 1X35 | H67: S1 | I67: 3.57 | J67: =ROUNDUP(I67,0) -> 4 | K67: (+14E1) | L67: "14E1" ME'S & DG'S START BATTERY COMUTATION PANEL | M67: 1060 | N67: ENGINE ROOM / SALLE DES MACHINES | O67: (=133++1060+-14C2) | P67: STARTING BATTERY CHARGER NO.2 ER PS AFT | Q67: 0 | R67: 1060 | S67: ENGINE ROOM / SALLE DES MACHINES | T67: OFF ROUTE | V67: LOCAL | W67: WK39/2024 NEW CABLE | X67: OFF ROUTE | Y67: OFF ROUTE
A68: 126 | B68: 126W0012 | C68: 1 | G68: C 1X35 | H68: S1 | I68: 3.57 | J68: =ROUNDUP(I68,0) -> 4 | K68: (+14E1) | L68: "14E1" ME'S & DG'S START BATTERY COMUTATION PANEL | M68: 1060 | N68: ENGINE ROOM / SALLE DES MACHINES | O68: (=133++1060+-14C2) | P68: STARTING BATTERY CHARGER NO.2 ER PS AFT | Q68: 0 | R68: 1060 | S68: ENGINE ROOM / SALLE DES MACHINES | T68: OFF ROUTE | V68: LOCAL | W68: WK39/2024 NEW CABLE | X68: OFF ROUTE | Y68: OFF ROUTE
A69: 126 | B69: 126W0020 | C69: 1 | G69: C 1X16 | H69: S1 | I69: 8.16 | J69: =ROUNDUP(I69,0) -> 9 | K69: (+14E3) | L69: 14E3 EDG START BATTERY PANEL | M69: 4262 | N69: EMG. GENSET / GROUPE DE SECOURS | O69: (=133++4262+-14C3) | P69: EDG BATTERY CHARGER NO.1 | Q69: 0 | R69: 4262 | S69: EMG. GENSET / GROUPE DE SECOURS | T69: OFF ROUTE | V69: LOCAL | W69: WK39/2024 NEW CABLE | X69: OFF ROUTE | Y69: OFF ROUTE
A70: 126 | B70: 126W0021 | C70: 1 | G70: C 1X16 | H70: S1 | I70: 8.67 | J70: =ROUNDUP(I70,0) -> 9 | K70: (+14E3) | L70: 14E3 EDG START BATTERY PANEL | M70: 4262 | N70: EMG. GENSET / GROUPE DE SECOURS | O70: (=133++4262+-14C3) | P70: EDG BATTERY CHARGER NO.1 | Q70: 0 | R70: 4262 | S70: EMG. GENSET / GROUPE DE SECOURS | T70: OFF ROUTE | V70: LOCAL | W70: WK39/2024 NEW CABLE | X70: OFF ROUTE | Y70: OFF ROUTE
A71: 126 | B71: 126W0022 | C71: 1 | G71: C 1X16 | H71: S1 | I71: 5.61 | J71: =ROUNDUP(I71,0) -> 6 | K71: (+14E3) | L71: 14E3 EDG START BATTERY PANEL | M71: 4262 | N71: EMG. GENSET / GROUPE DE SECOURS | O71: (=133++4262+-14C4) | P71: EDG BATTERY CHARGER NO.2 | Q71: 0 | R71: 4262 | S71: EMG. GENSET / GROUPE DE SECOURS | T71: OFF ROUTE | V71: LOCAL | W71: WK39/2024 NEW CABLE | X71: OFF ROUTE | Y71: OFF ROUTE
A72: 126 | B72: 126W0023 | C72: 1 | G72: C 1X16 | H72: S1 | I72: 5.61 | J72: =ROUNDUP(I72,0) -> 6 | K72: (+14E3) | L72: 14E3 EDG START BATTERY PANEL | M72: 4262 | N72: EMG. GENSET / GROUPE DE SECOURS | O72: (=133++4262+-14C4) | P72: EDG BATTERY CHARGER NO.2 | Q72: 0 | R72: 4262 | S72: EMG. GENSET / GROUPE DE SECOURS | T72: OFF ROUTE | V72: LOCAL | W72: WK39/2024 NEW CABLE | X72: OFF ROUTE | Y72: OFF ROUTE
A73: 126 | B73: 126W0031 | C73: 1 | G73: C 1X35 | H73: S1 | I73: 4.59 | J73: =ROUNDUP(I73,0) -> 5 | K73: (+14E4) | L73: 14E4 24VDC SERVICE DISTRIBUTION PANEL | M73: 2266 | N73: SWITCHBOARD ROOM / LOCAL TABLEAUX | O73: (=133++2266+-14C5) | P73: SERVICE BATTERY CHARGER NO.2 | Q73: 0 | R73: 2266 | S73: SWITCHBOARD ROOM / LOCAL TABLEAUX | T73: OFF ROUTE | V73: LOCAL | W73: WK39/2024 NEW CABLE | X73: OFF ROUTE | Y73: OFF ROUTE
A74: 126 | B74: 126W0032 | C74: 1 | G74: C 1X35 | H74: S1 | I74: 4.59 | J74: =ROUNDUP(I74,0) -> 5 | K74: (+14E4) | L74: 14E4 24VDC SERVICE DISTRIBUTION PANEL | M74: 2266 | N74: SWITCHBOARD ROOM / LOCAL TABLEAUX | O74: (=133++2266+-14C5) | P74: SERVICE BATTERY CHARGER NO.2 | Q74: 0 | R74: 2266 | S74: SWITCHBOARD ROOM / LOCAL TABLEAUX | T74: OFF ROUTE | V74: LOCAL | W74: WK39/2024 NEW CABLE | X74: OFF ROUTE | Y74: OFF ROUTE
A75: 126 | B75: 126W0033 | C75: 1 | G75: C 1X35 | H75: S1 | I75: 4.59 | J75: =ROUNDUP(I75,0) -> 5 | K75: (+14E4) | L75: 14E4 24VDC SERVICE DISTRIBUTION PANEL | M75: 2266 | N75: SWITCHBOARD ROOM / LOCAL TABLEAUX | O75: (=123++2266+-14C6) | P75: SERVICE BATTERY CHARGER NO.1 SWBD ROOM PS | Q75: 0 | R75: 2266 | S75: SWITCHBOARD ROOM / LOCAL TABLEAUX | T75: OFF ROUTE | V75: LOCAL | W75: WK39/2024 NEW CABLE | X75: OFF ROUTE | Y75: OFF ROUTE
A76: 126 | B76: 126W0034 | C76: 1 | G76: C 1X35 | H76: S1 | I76: 4.59 | J76: =ROUNDUP(I76,0) -> 5 | K76: (+14E4) | L76: 14E4 24VDC SERVICE DISTRIBUTION PANEL | M76: 2266 | N76: SWITCHBOARD ROOM / LOCAL TABLEAUX | O76: (=123++2266+-14C6) | P76: SERVICE BATTERY CHARGER NO.1 SWBD ROOM PS | Q76: 0 | R76: 2266 | S76: SWITCHBOARD ROOM / LOCAL TABLEAUX | T76: OFF ROUTE | V76: LOCAL | W76: WK39/2024 NEW CABLE | X76: OFF ROUTE | Y76: OFF ROUTE
A77: 132 | B77: 132W0001 | C77: 1 | D77: 1 | G77: C 3X4 | H77: S1 | I77: 7.11 | J77: =ROUNDUP(I77,0) -> 8 | K77: (+12EP0.1) | L77: 12EP0.1 EMERGENCY SWITCHBOARD EDG 52KW / MSB TRANSFER LINE / CONSUMERS 3X400V 50HZ | M77: 4262 | N77: EMG. GENSET / GROUPE DE SECOURS | O77: (=132++4262+-13T1) | P77: EM'CY TRANSFORMER | Q77: 2 | R77: 4262 | S77: EMG. GENSET / GROUPE DE SECOURS | T77: 12EP0.1,4262P014X09N | V77: LOCAL | W77: WK39/2024 NEW CABLE | X77: 12EP0.1 | Y77: 4262P014X09N
A78: 132 | B78: 132W0005 | C78: 1 | D78: 1 | G78: C 2X1.5 | H78: S1 | I78: 14.52 | J78: =ROUNDUP(I78,0) -> 15 | K78: (+12EP0.1) | L78: 12EP0.1 EMERGENCY SWITCHBOARD EDG 52KW / MSB TRANSFER LINE / CONSUMERS 3X400V 50HZ | M78: 4262 | N78: EMG. GENSET / GROUPE DE SECOURS | O78: (+14E3) | P78: 14E3 EDG START BATTERY PANEL | Q78: 6 | R78: 4262 | S78: EMG. GENSET / GROUPE DE SECOURS | T78: 12EP0.1,4262P015X03N,4262P014X01N,4262P012X02N | V78: LOCAL | W78: WK39/2024 NEW CABLE | X78: 12EP0.1 | Y78: 4262P012X02N
A79: 133 | B79: 133W0001 | C79: 1 | D79: 1 | G79: C 3X16 | H79: S1 | I79: 9.69 | J79: =ROUNDUP(I79,0) -> 10 | K79: (+12EP0.2) | L79: 12EP0.2 EMERGENCY SWITCHBOARD CONSUMERS 3X230V 50HZ | M79: 4262 | N79: EMG. GENSET / GROUPE DE SECOURS | O79: (=132++4262+-13T1) | P79: EM'CY TRANSFORMER | Q79: 0 | R79: 4262 | S79: EMG. GENSET / GROUPE DE SECOURS | T79: OFF ROUTE | V79: LOCAL | W79: WK39/2024 NEW CABLE | X79: OFF ROUTE | Y79: OFF ROUTE
A80: 133 | B80: 133W0002 | C80: 1 | D80: 1 | G80: C+FR+SH 3X2.5 | H80: S1 | I80: 26.63 | J80: =ROUNDUP(I80,0) -> 27 | K80: (+12EP0.2) | L80: 12EP0.2 EMERGENCY SWITCHBOARD CONSUMERS 3X230V 50HZ | M80: 4262 | N80: EMG. GENSET / GROUPE DE SECOURS | O80: (=133++2266+-14C5) | P80: SERVICE BATTERY CHARGER NO.2 | Q80: 3 | R80: 2266 | S80: SWITCHBOARD ROOM / LOCAL TABLEAUX | T80: 12EP0.2,326434015P12,3264P015X05N,3264P015X01N,3264P012X04N,3264P012X08N,226623013P11,2266P011X21N | V80: NOT LOCAL CABLE | W80: WK39/2024 NEW CABLE | X80: 12EP0.2 | Y80: 2266P011X21N
A81: 133 | B81: 133W0003 | C81: 1 | D81: 1 | G81: C+FR+SH 3X2.5 | H81: S1 | I81: 32.03 | J81: =ROUNDUP(I81,0) -> 33 | K81: (+12EP0.2) | L81: 12EP0.2 EMERGENCY SWITCHBOARD CONSUMERS 3X230V 50HZ | M81: 4262 | N81: EMG. GENSET / GROUPE DE SECOURS | O81: (=133++4034+-14C7) | P81: NAUTICAL BATTERY CHARGER NO.1 | Q81: 3.5 | R81: 4034 | S81: TEHNICAL FLOOR WHEELHOUSE / TIMONERIE PLANCHER TECHNIQUE | T81: 12EP0.2,326434015P12,304033015P11,3040P018X06N,3040P020X03N,3040P020X02N,3040P024X02N,3040P027X05N,304033030P11,4032P030X13N | V81: NOT LOCAL CABLE | W81: WK39/2024 NEW CABLE | X81: 12EP0.2 | Y81: 4032P030X13N
A82: 133 | B82: 133W0004 | C82: 1 | D82: 1 | E82: 1 | G82: C+FR+SH 3X6 | H82: S1 | I82: 16.65 | J82: =ROUNDUP(I82,0) -> 17 | K82: (+12EP0.2) | L82: 12EP0.2 EMERGENCY SWITCHBOARD CONSUMERS 3X230V 50HZ | M82: 4262 | N82: EMG. GENSET / GROUPE DE SECOURS | O82: (+13EL1) | P82: 13EL1 EMERGENCY LIGHTING DISTRIBUTION PANEL NO.1 | Q82: 3 | R82: 3062 | S82: ALLEWAY / COURSIVE | T82: 12EP0.2,326434015P12,3264P015X05N,3264P015X01N,3264P012X15N,3264P012X19N,3062P012X02N | V82: NOT LOCAL CABLE | W82: WK39/2024 NEW CABLE | X82: 12EP0.2 | Y82: 3062P012X02N
A83: 133 | B83: 133W0005 | C83: 1 | D83: 1 | E83: 1 | G83: C+FR+SH 3X6 | H83: S1 | I83: 80.24 | J83: =ROUNDUP(I83,0) -> 81 | K83: (+12EP0.2) | L83: 12EP0.2 EMERGENCY SWITCHBOARD CONSUMERS 3X230V 50HZ | M83: 4262 | N83: EMG. GENSET / GROUPE DE SECOURS | O83: (+13EL2) | P83: 13EL2 EMERGENCY LIGHTING DISTRIBUTION PANEL NO.2 | Q83: 3 | R83: 2020 | S83: HYDRAULIC PLANT / EQUIPEMENT HYDRAULIQUE | T83: 12EP0.2,326434015P12,3264P015X05N,3264P015X01N,3264P012X04N,3264P012X08N,226623013P11,226622015P11,2040P018X22N,2040P018X01N,2040P022X01N,2040P029X04N,204022030P11,2030P032X01N,2030P036X01N,2030P040X01N,2030P042X01N,2030P043X05N,2030P045X01N,202022047P11,2020P050X03N,2020P051X02N,2020P051X06N,2020P052X01N | V83: NOT LOCAL CABLE | W83: WK39/2024 NEW CABLE | X83: 12EP0.2 | Y83: 2020P052X01N
A84: 133 | B84: 133W0006 | C84: 1 | D84: 1 | G84: C+FR+SH 3X6 | H84: S1 | I84: 36.19 | J84: =ROUNDUP(I84,0) -> 37 | K84: (+12EP0.2) | L84: 12EP0.2 EMERGENCY SWITCHBOARD CONSUMERS 3X230V 50HZ | M84: 4262 | N84: EMG. GENSET / GROUPE DE SECOURS | O84: (+13EL3) | P84: 13EL3 EMERGENCY LIGHTING DISTRIBUTION PANEL NO.3 | Q84: 7 | R84: 2070 | S84: ALLEWAY / COURSIVE | T84: 12EP0.2,326434015P12,3264P015X05N,3264P015X01N,3264P012X04N,3272P008X02N,3272P008X06N,227223009P11,2272P009X01N,2272P010X01N,2272P008X03N,2171S008X02N | V84: NOT LOCAL CABLE | W84: WK39/2024 NEW CABLE | X84: 12EP0.2 | Y84: 2171S008X02N
A85: 133 | B85: 133W0013 | C85: 1 | G85: C+FR+SH 3X4 | H85: S1 | I85: 72.53 | J85: =ROUNDUP(I85,0) -> 73 | K85: (+12EP0.2) | L85: 12EP0.2 EMERGENCY SWITCHBOARD CONSUMERS 3X230V 50HZ | M85: 4262 | N85: EMG. GENSET / GROUPE DE SECOURS | O85: (+16NA) | P85: "16NA" 230VAC NAUTICAL DISTRIBUTION PANEL | Q85: 3 | R85: 4032 | S85: WHEELHOUSE / TIMONERIE | T85: 12EP0.2,326434015P12,3264P015X05N,3264P015X01N,3264P012X04N,3272P008X02N,3276P007X11N,3080P006X04N,3173S006X07N,3173S005X01N,3173S006X01N,3171S008X02N,3171S010X01N,3163S011X01N,3163S012X04N,3163S014X02N,316333015S11,3040S017X03N,3040S021X02N,3040S023X01N,3040S026X08N,3040P027X05N,304033030P11,4032S031X06N,4032S031X05N,4032S031X03N,4032S030X01N | V85: NOT LOCAL CABLE | W85: WK39/2024 NEW CABLE | X85: 12EP0.2 | Y85: 4032S030X01N
A86: 133 | B86: 133W0014 | C86: 1 | G86: C+FR+SH 3X2.5 | H86: S1 | I86: 37.15 | J86: =ROUNDUP(I86,0) -> 38 | K86: (+12EP0.2) | L86: 12EP0.2 EMERGENCY SWITCHBOARD CONSUMERS 3X230V 50HZ | M86: 4262 | N86: EMG. GENSET / GROUPE DE SECOURS | O86: (=133++1060+-14C2) | P86: STARTING BATTERY CHARGER NO.2 ER PS AFT | Q86: 5 | R86: 1060 | S86: ENGINE ROOM / SALLE DES MACHINES | T86: 12EP0.2,326434015P12,3264P015X05N,3264P015X01N,3264P012X04N,3264P012X08N,226623013P11,226612013P11,1060P013X09N,1060P013X07N,1060P011X20N,1060P010X18N,1060P010X14N,1060P011X16N,1060S011X12N | V86: NOT LOCAL CABLE | W86: WK39/2024 NEW CABLE | X86: 12EP0.2 | Y86: 1060S011X12N
A87: 133 | B87: 133W0015 | C87: 1 | D87: 1 | G87: C+FR+SH 3X1.5 | H87: S1 | I87: 14.79 | J87: =ROUNDUP(I87,0) -> 15 | K87: (+12EP0.2) | L87: 12EP0.2 EMERGENCY SWITCHBOARD CONSUMERS 3X230V 50HZ | M87: 4262 | N87: EMG. GENSET / GROUPE DE SECOURS | O87: (=133++4262+-14C3) | P87: EDG BATTERY CHARGER NO.1 | Q87: 0 | R87: 4262 | S87: EMG. GENSET / GROUPE DE SECOURS | T87: OFF ROUTE | V87: LOCAL | W87: WK39/2024 NEW CABLE | X87: OFF ROUTE | Y87: OFF ROUTE
A88: 133 | B88: 133W0016 | C88: 1 | D88: 1 | G88: C+FR+SH 3X1.5 | H88: S1 | I88: 14.79 | J88: =ROUNDUP(I88,0) -> 15 | K88: (+12EP0.2) | L88: 12EP0.2 EMERGENCY SWITCHBOARD CONSUMERS 3X230V 50HZ | M88: 4262 | N88: EMG. GENSET / GROUPE DE SECOURS | O88: (=133++4262+-14C4) | P88: EDG BATTERY CHARGER NO.2 | Q88: 0 | R88: 4262 | S88: EMG. GENSET / GROUPE DE SECOURS | T88: OFF ROUTE | V88: LOCAL | W88: WK10/2025/UPDATE CABLE LENGHT-PVN COMM R1.05 | X88: OFF ROUTE | Y88: OFF ROUTE
A89: 133 | B89: 133W0023 | C89: 1 | D89: 1 | G89: C 3X4 | H89: S1 | I89: 29.04 | J89: =ROUNDUP(I89,0) -> 30 | K89: (+11P2) | L89: 11P2 VALVE CONTROL CABINET | M89: 2266 | N89: SWITCHBOARD ROOM / LOCAL TABLEAUX | O89: (+12EP0.2) | P89: 12EP0.2 EMERGENCY SWITCHBOARD CONSUMERS 3X230V 50HZ | Q89: 4 | R89: 4262 | S89: EMG. GENSET / GROUPE DE SECOURS | T89: 2266P014X04N,226612014P11,1060P014X07N,1060P013X19N,1060P013X25N,1060P013X26N,226612013P11,226623013P11,3264P012X08N,3264P012X04N,3264P015X01N,3264P015X05N,326434015P12,12EP0.2 | V89: NOT LOCAL CABLE | W89: WK39/2024 NEW CABLE | X89: 2266P014X04N | Y89: 12EP0.2
A90: 133 | B90: 133W0024 | C90: 1 | D90: 1 | E90: 1 | G90: C+SH 2X4 | H90: S1 | I90: 14.54 | J90: =ROUNDUP(I90,0) -> 15 | K90: (+11P2) | L90: 11P2 VALVE CONTROL CABINET | M90: 2266 | N90: SWITCHBOARD ROOM / LOCAL TABLEAUX | O90: (+14E4) | P90: 14E4 24VDC SERVICE DISTRIBUTION PANEL | Q90: 4 | R90: 2266 | S90: SWITCHBOARD ROOM / LOCAL TABLEAUX | T90: 2266P014X04N,2266P011X21N | V90: LOCAL | W90: WK39/2024 NEW CABLE | X90: 2266P014X04N | Y90: 2266P011X21N
A91: 133 | B91: 133W0029 | C91: 1 | G91: C+SH 2X1.5 | H91: S1 | I91: 11.28 | J91: =ROUNDUP(I91,0) -> 12 | K91: (+12EP0.1) | L91: 12EP0.1 EMERGENCY SWITCHBOARD EDG 52KW / MSB TRANSFER LINE / CONSUMERS 3X400V 50HZ | M91: 4262 | N91: EMG. GENSET / GROUPE DE SECOURS | O91: (+12EP0.2) | P91: 12EP0.2 EMERGENCY SWITCHBOARD CONSUMERS 3X230V 50HZ | Q91: 4 | R91: 4262 | S91: EMG. GENSET / GROUPE DE SECOURS | T91: 12EP0.1,326434015P11,3264P015X05N,326434015P12,12EP0.2 | V91: LOCAL | W91: WK39/2024 NEW CABLE | X91: 12EP0.1 | Y91: 12EP0.2
A92: 136 | B92: 136W0042 | C92: 1 | G92: C 1X35 | H92: S1 | I92: 13.36 | J92: =ROUNDUP(I92,0) -> 14 | K92: (+14E5) | L92: "14E5" 24VDC WHEELHOUSE DISTRIBUTION PANEL | M92: 4032 | N92: WHEELHOUSE / TIMONERIE | O92: (=133++4034+-14C7) | P92: NAUTICAL BATTERY CHARGER NO.1 | Q92: 3.5 | R92: 4034 | S92: TEHNICAL FLOOR WHEELHOUSE / TIMONERIE PLANCHER TECHNIQUE | T92: 4032S030X04N,4032S031X03N,4032S031X05N,4032S031X06N,4032P030X13N | V92: NOT LOCAL CABLE | W92: WK39/2024 NEW CABLE | X92: 4032S030X04N | Y92: 4032P030X13N
A93: 136 | B93: 136W0043 | C93: 1 | G93: C 1X35 | H93: S1 | I93: 13.36 | J93: =ROUNDUP(I93,0) -> 14 | K93: (+14E5) | L93: "14E5" 24VDC WHEELHOUSE DISTRIBUTION PANEL | M93: 4032 | N93: WHEELHOUSE / TIMONERIE | O93: (=133++4034+-14C7) | P93: NAUTICAL BATTERY CHARGER NO.1 | Q93: 3.5 | R93: 4034 | S93: TEHNICAL FLOOR WHEELHOUSE / TIMONERIE PLANCHER TECHNIQUE | T93: 4032S030X04N,4032S031X03N,4032S031X05N,4032S031X06N,4032P030X13N | V93: NOT LOCAL CABLE | W93: WK39/2024 NEW CABLE | X93: 4032S030X04N | Y93: 4032P030X13N
A94: 136 | B94: 136W0044 | C94: 1 | G94: C 1X35 | H94: S1 | I94: 13.36 | J94: =ROUNDUP(I94,0) -> 14 | K94: (+14E5) | L94: "14E5" 24VDC WHEELHOUSE DISTRIBUTION PANEL | M94: 4032 | N94: WHEELHOUSE / TIMONERIE | O94: (=123++4034+-14C8) | P94: NAUTICAL BATTERY CHARGER NO.2 INSTRUMENTS ROOM | Q94: 3.5 | R94: 4034 | S94: TEHNICAL FLOOR WHEELHOUSE / TIMONERIE PLANCHER TECHNIQUE | T94: 4032S030X04N,4032S031X03N,4032S031X05N,4032S031X06N,4032P030X13N | V94: NOT LOCAL CABLE | W94: WK39/2024 NEW CABLE | X94: 4032S030X04N | Y94: 4032P030X13N
A95: 136 | B95: 136W0045 | C95: 1 | G95: C 1X35 | H95: S1 | I95: 13.36 | J95: =ROUNDUP(I95,0) -> 14 | K95: (+14E5) | L95: "14E5" 24VDC WHEELHOUSE DISTRIBUTION PANEL | M95: 4032 | N95: WHEELHOUSE / TIMONERIE | O95: (=123++4034+-14C8) | P95: NAUTICAL BATTERY CHARGER NO.2 INSTRUMENTS ROOM | Q95: 3.5 | R95: 4034 | S95: TEHNICAL FLOOR WHEELHOUSE / TIMONERIE PLANCHER TECHNIQUE | T95: 4032S030X04N,4032S031X03N,4032S031X05N,4032S031X06N,4032P030X13N | V95: NOT LOCAL CABLE | W95: WK39/2024 NEW CABLE | X95: 4032S030X04N | Y95: 4032P030X13N
A96: 152 | B96: 152W0013 | C96: 1 | D96: 1 | G96: FLEX 1X120 | H96: S1 | I96: 3.57 | J96: =ROUNDUP(I96,0) -> 4 | K96: (+14E1) | L96: "14E1" ME'S & DG'S START BATTERY COMUTATION PANEL | M96: 1060 | N96: ENGINE ROOM / SALLE DES MACHINES | O96: (=152++1060+-14B1) | P96: STARTING BATTERY BANK NO.1 ER PS FORE | Q96: 0 | R96: 1060 | S96: ENGINE ROOM / SALLE DES MACHINES | T96: OFF ROUTE | V96: LOCAL | W96: WK39/2024 NEW CABLE | X96: OFF ROUTE | Y96: OFF ROUTE
A97: 152 | B97: 152W0014 | C97: 1 | G97: FLEX 1X120 | H97: S1 | I97: 3.57 | J97: =ROUNDUP(I97,0) -> 4 | K97: (+14E1) | L97: "14E1" ME'S & DG'S START BATTERY COMUTATION PANEL | M97: 1060 | N97: ENGINE ROOM / SALLE DES MACHINES | O97: (=152++1060+-14B1) | P97: STARTING BATTERY BANK NO.1 ER PS FORE | Q97: 0 | R97: 1060 | S97: ENGINE ROOM / SALLE DES MACHINES | T97: OFF ROUTE | V97: LOCAL | W97: WK39/2024 NEW CABLE | X97: OFF ROUTE | Y97: OFF ROUTE
A98: 152 | B98: 152W0015 | C98: 1 | G98: FLEX 1X120 | H98: S1 | I98: 5.61 | J98: =ROUNDUP(I98,0) -> 6 | K98: (+14E1) | L98: "14E1" ME'S & DG'S START BATTERY COMUTATION PANEL | M98: 1060 | N98: ENGINE ROOM / SALLE DES MACHINES | O98: (=152++1060+-14B2) | P98: STARTING BATTERY BANK \NO.2 ER PS AFT | Q98: 0 | R98: 1060 | S98: ENGINE ROOM / SALLE DES MACHINES | T98: OFF ROUTE | V98: LOCAL | W98: WK39/2024 NEW CABLE | X98: OFF ROUTE | Y98: OFF ROUTE
A99: 152 | B99: 152W0016 | C99: 1 | G99: FLEX 1X120 | H99: S1 | I99: 5.61 | J99: =ROUNDUP(I99,0) -> 6 | K99: (+14E1) | L99: "14E1" ME'S & DG'S START BATTERY COMUTATION PANEL | M99: 1060 | N99: ENGINE ROOM / SALLE DES MACHINES | O99: (=152++1060+-14B2) | P99: STARTING BATTERY BANK \NO.2 ER PS AFT | Q99: 0 | R99: 1060 | S99: ENGINE ROOM / SALLE DES MACHINES | T99: OFF ROUTE | V99: LOCAL | W99: WK39/2024 NEW CABLE | X99: OFF ROUTE | Y99: OFF ROUTE
A100: 152 | B100: 152W0027 | C100: 1 | G100: FLEX 1X50 | H100: S1 | I100: 10.9 | J100: =ROUNDUP(I100,0) -> 11 | K100: (+14E3) | L100: 14E3 EDG START BATTERY PANEL | M100: 4262 | N100: EMG. GENSET / GROUPE DE SECOURS | O100: (=152++4262+-14B3) | P100: EDG STARTING BATTERY BANK NO.1 ER PS FORE | Q100: 1.5 | R100: 4262 | S100: EMG. GENSET / GROUPE DE SECOURS | T100: 4262P012X02N,4264P012X02N,4262P012X011N,4262P012X05N | V100: LOCAL | W100: WK39/2024 NEW CABLE | X100: 4262P012X02N | Y100: 4262P012X05N
...

Sheet nautics
A1: System | B1: Cable ID | C1: Cut | D1: Pulled | E1: Connection | F1: CWC- Megger | G1: Cable Type | H1: Segregation | I1: Design Length(m) | J1: Cable Cutting Length | K1: From Device | L1: From Device Description | M1: From Device Area | N1: From Device Area Description | O1: To Device | P1: To Device Description | Q1: To Device Area | R1: To Device Area Description | S1: Cable Route | T1: Local/Not Local Cables | U1: WK/REV.REASON | V1: From Node | W1: To Node
A2: 101.1 | B2: 101.1W0008 | C2: 1 | D2: 1 | G2: CAT7_S/FTP | H2: S2 | I2: 19.5 | J2: =ROUNDUP(I2,0) -> 20 | K2: (+40DE) | L2: 40DE SWITCHBOARD ROOM CONSOLE | M2: 2266 | N2: SWITCHBOARD ROOM / LOCAL TABLEAUX | O2: (=101.1++1060+-101.1U01) | P2: DIESEL GENERATOR FORE PANEL | Q2: 1060 | R2: ENGINE ROOM / SALLE DES MACHINES | S2: 40DE,106012012P11-40DE,1060P012X21N,1060P013X27N,1060P013X19N,1060P014X07N,1060P014X05N,1060P012X01N | T2: NOT LOCAL CABLE | U2: WK39/2024 NEW CABLE | V2: 40DE | W2: 1060P012X01N
B3: 101.1W0013 | C3: 1 | D3: 1 | G3: C+SH 12X1.5 | H3: S1 | I3: 25.17 | J3: =ROUNDUP(I3,0) -> 26 | K3: (=101.1++1060+-101.1U01) | L3: DIESEL GENERATOR FORE PANEL | M3: 1060 | N3: ENGINE ROOM / SALLE DES MACHINES | O3: (=101.1++1060+-101.1U02) | P3: SCR PANEL DIESEL GENERATOR FORE 10610E03 | Q3: 1060 | R3: ENGINE ROOM / SALLE DES MACHINES | S3: 1060P012X01N,1060P014X05N,1060P014X07N,1060P013X19N,1060P013X22N,1060S013X03N,1060S014X02N,1060S012X02N,1060S012X16N,1060S012X14N,1060S012X13N | T3: LOCAL | U3: WK39/2024 NEW CABLE | V3: 1060P012X01N | W3: 1060S012X13N
B4: 101.1W0014 | C4: 1 | D4: 1 | G4: TC+SH 1X2X0.75 | H4: S2 | I4: 25.17 | J4: =ROUNDUP(I4,0) -> 26 | K4: (=101.1++1060+-101.1U01) | L4: DIESEL GENERATOR FORE PANEL | M4: 1060 | N4: ENGINE ROOM / SALLE DES MACHINES | O4: (=101.1++1060+-101.1U02) | P4: SCR PANEL DIESEL GENERATOR FORE 10610E03 | Q4: 1060 | R4: ENGINE ROOM / SALLE DES MACHINES | S4: 1060P012X01N,1060P014X05N,1060P014X07N,1060P013X19N,1060P013X22N,1060S013X03N,1060S014X02N,1060S012X02N,1060S012X16N,1060S012X14N,1060S012X13N | T4: LOCAL | U4: WK39/2024 NEW CABLE | V4: 1060P012X01N | W4: 1060S012X13N
B5: 101.1W0017 | G5: ORIGINAL CABLE | H5: S2 | I5: 12.69 | J5: =ROUNDUP(I5,0) -> 13 | K5: (=101.1++1060+-101.1U03) | L5: EXAUST DIESEL GENERATOR FORE | M5: 1060 | N5: ENGINE ROOM / SALLE DES MACHINES | O5: (=101.1++1060+-101.1U02) | P5: SCR PANEL DIESEL GENERATOR FORE 10610E03 | Q5: 1060 | R5: ENGINE ROOM / SALLE DES MACHINES | S5: 1060S009X02N,1060S012X16N,1060S012X14N,1060S012X13N | T5: LOCAL | U5: WK39/2024 NEW CABLE | V5: 1060S009X02N | W5: 1060S012X13N
B6: 101.1W0018 | G6: ORIGINAL CABLE | H6: S2 | I6: 12.69 | J6: =ROUNDUP(I6,0) -> 13 | K6: (=101.1++1060+-101.1U03) | L6: EXAUST DIESEL GENERATOR FORE | M6: 1060 | N6: ENGINE ROOM / SALLE DES MACHINES | O6: (=101.1++1060+-101.1U02) | P6: SCR PANEL DIESEL GENERATOR FORE 10610E03 | Q6: 1060 | R6: ENGINE ROOM / SALLE DES MACHINES | S6: 1060S009X02N,1060S012X16N,1060S012X14N,1060S012X13N | T6: LOCAL | U6: WK39/2024 NEW CABLE | V6: 1060S009X02N | W6: 1060S012X13N
B7: 101.1W0019 | G7: ORIGINAL CABLE | H7: S2 | I7: 12.69 | J7: =ROUNDUP(I7,0) -> 13 | K7: (=101.1++1060+-101.1U03) | L7: EXAUST DIESEL GENERATOR FORE | M7: 1060 | N7: ENGINE ROOM / SALLE DES MACHINES | O7: (=101.1++1060+-101.1U02) | P7: SCR PANEL DIESEL GENERATOR FORE 10610E03 | Q7: 1060 | R7: ENGINE ROOM / SALLE DES MACHINES | S7: 1060S009X02N,1060S012X16N,1060S012X14N,1060S012X13N | T7: LOCAL | U7: WK39/2024 NEW CABLE | V7: 1060S009X02N | W7: 1060S012X13N
B8: 101.1W0020 | G8: ORIGINAL CABLE | H8: S2 | I8: 16.77 | J8: =ROUNDUP(I8,0) -> 17 | K8: (=101.1++1060+-101.1U04) | L8: DEF TANK DIESEL GENERATOR FORE 11210E03 | M8: 1060 | N8: ENGINE ROOM / SALLE DES MACHINES | O8: (=101.1++1060+-101.1U02) | P8: SCR PANEL DIESEL GENERATOR FORE 10610E03 | Q8: 1060 | R8: ENGINE ROOM / SALLE DES MACHINES | S8: 1060S009X02N,1060S012X16N,1060S012X14N,1060S012X13N | T8: LOCAL | U8: WK39/2024 NEW CABLE | V8: 1060S009X02N | W8: 1060S012X13N
B9: 101.1W0021 | G9: ORIGINAL CABLE | H9: S2 | I9: 15.19 | J9: =ROUNDUP(I9,0) -> 16 | K9: (=101.1++1060+-101.1U05) | L9: DEF PUMP DIESEL GENERATOR FORE 11210P03 | M9: 1060 | N9: ENGINE ROOM / SALLE DES MACHINES | O9: (=101.1++1060+-101.1U02) | P9: SCR PANEL DIESEL GENERATOR FORE 10610E03 | Q9: 1060 | R9: ENGINE ROOM / SALLE DES MACHINES | S9: 1060S012X12N,1060S012X11N,1060S012X02N,1060S012X16N,1060S012X14N,1060S012X13N | T9: LOCAL | U9: WK39/2024 NEW CABLE | V9: 1060S012X12N | W9: 1060S012X13N
B10: 101.1W0022 | G10: ORIGINAL CABLE | H10: S2 | I10: 14.66 | J10: =ROUNDUP(I10,0) -> 15 | K10: (=101.1++1060+-101.1U06) | L10: DOSING UNIT DIESEL GENERATOR FORE 11210E07 | M10: 1060 | N10: ENGINE ROOM / SALLE DES MACHINES | O10: (=101.1++1060+-101.1U02) | P10: SCR PANEL DIESEL GENERATOR FORE 10610E03 | Q10: 1060 | R10: ENGINE ROOM / SALLE DES MACHINES | S10: 1060P007X01N,1060S009X03N,1060S009X02N,1060S012X16N,1060S012X14N,1060S012X13N | T10: LOCAL | U10: WK39/2024 NEW CABLE | V10: 1060P007X01N | W10: 1060S012X13N
B11: 101.1W0023 | C11: 1 | D11: 1 | E11: 1 | G11: TC+SH 7X2X0.75 | H11: S2 | I11: 17.81 | J11: =ROUNDUP(I11,0) -> 18 | K11: (+10P0.2) | L11: 10P0.2 MAIN SWITCHBOARD DIESEL GENERATOR FWD | M11: 2266 | N11: SWITCHBOARD ROOM / LOCAL TABLEAUX | O11: (=101.1++1060+-101.1U01) | P11: DIESEL GENERATOR FORE PANEL | Q11: 1060 | R11: ENGINE ROOM / SALLE DES MACHINES | S11: 10P0.2,226612013P15-10P0.2,1060P013X27N,1060P013X19N,1060P014X07N,1060P014X05N,1060P012X01N | T11: NOT LOCAL CABLE | U11: WK39/2024 NEW CABLE | V11: 10P0.2 | W11: 1060P012X01N
B12: 101.1W0024 | C12: 1 | D12: 1 | E12: 1 | G12: TC+SH 2X2X0.75 | H12: S2 | I12: 17.81 | J12: =ROUNDUP(I12,0) -> 18 | K12: (+10P0.2) | L12: 10P0.2 MAIN SWITCHBOARD DIESEL GENERATOR FWD | M12: 2266 | N12: SWITCHBOARD ROOM / LOCAL TABLEAUX | O12: (=101.1++1060+-101.1U01) | P12: DIESEL GENERATOR FORE PANEL | Q12: 1060 | R12: ENGINE ROOM / SALLE DES MACHINES | S12: 10P0.2,226612013P15-10P0.2,1060P013X27N,1060P013X19N,1060P014X07N,1060P014X05N,1060P012X01N | T12: NOT LOCAL CABLE | U12: WK39/2024 NEW CABLE | V12: 10P0.2 | W12: 1060P012X01N
B13: 101.1W0025 | G13: ORIGINAL CABLE | H13: S2 | I13: 12.69 | J13: =ROUNDUP(I13,0) -> 13 | K13: (=101.1++1060+-101.1U03) | L13: EXAUST DIESEL GENERATOR FORE | M13: 1060 | N13: ENGINE ROOM / SALLE DES MACHINES | O13: (=101.1++1060+-101.1U02) | P13: SCR PANEL DIESEL GENERATOR FORE 10610E03 | Q13: 1060 | R13: ENGINE ROOM / SALLE DES MACHINES | S13: 1060S009X02N,1060S012X16N,1060S012X14N,1060S012X13N | T13: LOCAL | U13: WK39/2024 NEW CABLE | V13: 1060S009X02N | W13: 1060S012X13N
B14: 101.1W0026 | G14: ORIGINAL CABLE | H14: S2 | I14: 12.69 | J14: =ROUNDUP(I14,0) -> 13 | K14: (=101.1++1060+-101.1U03) | L14: EXAUST DIESEL GENERATOR FORE | M14: 1060 | N14: ENGINE ROOM / SALLE DES MACHINES | O14: (=101.1++1060+-101.1U02) | P14: SCR PANEL DIESEL GENERATOR FORE 10610E03 | Q14: 1060 | R14: ENGINE ROOM / SALLE DES MACHINES | S14: 1060S009X02N,1060S012X16N,1060S012X14N,1060S012X13N | T14: LOCAL | U14: WK39/2024 NEW CABLE | V14: 1060S009X02N | W14: 1060S012X13N
B15: 101.1W0027 | G15: ORIGINAL CABLE | H15: S2 | I15: 15.17 | J15: =ROUNDUP(I15,0) -> 16 | K15: (=101.1++1060+-101.1U08) | L15: FR UNIT SB | M15: 1060 | N15: ENGINE ROOM / SALLE DES MACHINES | O15: (=101.1++1060+-101.1U02) | P15: SCR PANEL DIESEL GENERATOR FORE 10610E03 | Q15: 1060 | R15: ENGINE ROOM / SALLE DES MACHINES | S15: 1060P007X01N,1060S009X03N,1060S009X02N,1060S012X16N,1060S012X14N,1060S012X13N | T15: LOCAL | U15: WK39/2024 NEW CABLE | V15: 1060P007X01N | W15: 1060S012X13N
B16: 101.1W0030 | C16: 1 | D16: 1 | G16: BUS 2X2X0.9 CAN | H16: S2 | I16: 58.51 | J16: =ROUNDUP(I16,0) -> 59 | K16: (+42DF.7) | L16: 42DF.7 CENTRAL CONSOLE | M16: 4032 | N16: WHEELHOUSE / TIMONERIE | O16: (=101.1++1060+-101.1U01) | P16: DIESEL GENERATOR FORE PANEL | Q16: 1060 | R16: ENGINE ROOM / SALLE DES MACHINES | S16: 4032P032X13N,4032S031X06N,304033030P11,3040P029X07N,3040P023X04N,3040P019X04N,3040P018X11N,3040P017X04N,3040P017X09N,204023018P11,2040P018X01N,2040P018X22N,226622015P11,226612014P11,1060P014X07N,1060P014X05N,1060P012X01N | T16: NOT LOCAL CABLE | U16: WK03/2025/UPDATE CABLE TYPE R1.01 | V16: 4032P032X13N | W16: 1060P012X01N
A17: 101.2 | B17: 101.2W0008 | C17: 1 | D17: 1 | G17: CAT7_S/FTP | H17: S2 | I17: 14.08 | J17: =ROUNDUP(I17,0) -> 15 | K17: (+40DE) | L17: 40DE SWITCHBOARD ROOM CONSOLE | M17: 2266 | N17: SWITCHBOARD ROOM / LOCAL TABLEAUX | O17: (=101.2++1060+-101.2U01) | P17: DIESEL GENERATOR AFT PANEL | Q17: 1060 | R17: ENGINE ROOM / SALLE DES MACHINES | S17: 40DE,106012012P11-40DE,1060P012X18N,1060P009X04N,1060P009X05N,1060S009X03N | T17: NOT LOCAL CABLE | U17: WK39/2024 NEW CABLE | V17: 40DE | W17: 1060S009X03N
B18: 101.2W0013 | C18: 1 | D18: 1 | G18: C+SH 12X1.5 | H18: S1 | I18: 14.79 | J18: =ROUNDUP(I18,0) -> 15 | K18: (=101.2++1060+-101.2U01) | L18: DIESEL GENERATOR AFT PANEL | M18: 1060 | N18: ENGINE ROOM / SALLE DES MACHINES | O18: (=101.2++1060+-101.2U02) | P18: SCR PANEL DIESEL GENERATOR AFT 10610E04 | Q18: 1060 | R18: ENGINE ROOM / SALLE DES MACHINES | S18: OFF ROUTE | T18: LOCAL | U18: WK10/2025/UPDATE CABLE LENGHT-PVN COMM R1.05 | V18: OFF ROUTE | W18: OFF ROUTE
B19: 101.2W0014 | C19: 1 | D19: 1 | G19: TC+SH 1X2X0.75 | H19: S2 | I19: 14.79 | J19: =ROUNDUP(I19,0) -> 15 | K19: (=101.2++1060+-101.2U01) | L19: DIESEL GENERATOR AFT PANEL | M19: 1060 | N19: ENGINE ROOM / SALLE DES MACHINES | O19: (=101.2++1060+-101.2U02) | P19: SCR PANEL DIESEL GENERATOR AFT 10610E04 | Q19: 1060 | R19: ENGINE ROOM / SALLE DES MACHINES | S19: OFF ROUTE | T19: LOCAL | U19: WK10/2025/UPDATE CABLE LENGHT-PVN COMM R1.05 | V19: OFF ROUTE | W19: OFF ROUTE
B20: 101.2W0017 | G20: ORIGINAL CABLE | H20: S2 | I20: 9.69 | J20: =ROUNDUP(I20,0) -> 10 | K20: (=101.2++1060+-101.2U03) | L20: EXAUST DIESEL GENERATOR AFT | M20: 1060 | N20: ENGINE ROOM / SALLE DES MACHINES | O20: (=101.2++1060+-101.2U02) | P20: SCR PANEL DIESEL GENERATOR AFT 10610E04 | Q20: 1060 | R20: ENGINE ROOM / SALLE DES MACHINES | S20: 1060P009X01N,1060P009X03N | T20: LOCAL | U20: WK39/2024 NEW CABLE | V20: 1060P009X01N | W20: 1060P009X03N
B21: 101.2W0018 | G21: ORIGINAL CABLE | H21: S2 | I21: 9.69 | J21: =ROUNDUP(I21,0) -> 10 | K21: (=101.2++1060+-101.2U03) | L21: EXAUST DIESEL GENERATOR AFT | M21: 1060 | N21: ENGINE ROOM / SALLE DES MACHINES | O21: (=101.2++1060+-101.2U02) | P21: SCR PANEL DIESEL GENERATOR AFT 10610E04 | Q21: 1060 | R21: ENGINE ROOM / SALLE DES MACHINES | S21: 1060P009X01N,1060P009X03N | T21: LOCAL | U21: WK39/2024 NEW CABLE | V21: 1060P009X01N | W21: 1060P009X03N
B22: 101.2W0019 | G22: ORIGINAL CABLE | H22: S2 | I22: 9.69 | J22: =ROUNDUP(I22,0) -> 10 | K22: (=101.2++1060+-101.2U03) | L22: EXAUST DIESEL GENERATOR AFT | M22: 1060 | N22: ENGINE ROOM / SALLE DES MACHINES | O22: (=101.2++1060+-101.2U02) | P22: SCR PANEL DIESEL GENERATOR AFT 10610E04 | Q22: 1060 | R22: ENGINE ROOM / SALLE DES MACHINES | S22: 1060P009X01N,1060P009X03N | T22: LOCAL | U22: WK39/2024 NEW CABLE | V22: 1060P009X01N | W22: 1060P009X03N
B23: 101.2W0020 | G23: ORIGINAL CABLE | H23: S2 | I23: 13.49 | J23: =ROUNDUP(I23,0) -> 14 | K23: (=101.2++1060+-101.2U04) | L23: DEF TANK DIESEL GENERATOR AFT 11210E04 | M23: 1060 | N23: ENGINE ROOM / SALLE DES MACHINES | O23: (=101.2++1060+-101.2U02) | P23: SCR PANEL DIESEL GENERATOR AFT 10610E04 | Q23: 1060 | R23: ENGINE ROOM / SALLE DES MACHINES | S23: 1060P009X04N,1060P009X03N | T23: LOCAL | U23: WK39/2024 NEW CABLE | V23: 1060P009X04N | W23: 1060P009X03N
B24: 101.2W0021 | G24: ORIGINAL CABLE | H24: S2 | I24: 16.74 | J24: =ROUNDUP(I24,0) -> 17 | K24: (=101.2++1060+-101.2U05) | L24: DEF PUMP DIESEL GENERATOR AFT 11210P04 | M24: 1060 | N24: ENGINE ROOM / SALLE DES MACHINES | O24: (=101.2++1060+-101.2U02) | P24: SCR PANEL DIESEL GENERATOR AFT 10610E04 | Q24: 1060 | R24: ENGINE ROOM / SALLE DES MACHINES | S24: 1060P011X35N,1060P011X37N,1060P012X21N,1060P012X18N,1060P009X04N,1060P009X03N | T24: LOCAL | U24: WK39/2024 NEW CABLE | V24: 1060P011X35N | W24: 1060P009X03N
B25: 101.2W0022 | G25: ORIGINAL CABLE | H25: S2 | I25: 8.62 | J25: =ROUNDUP(I25,0) -> 9 | K25: (=101.2++1060+-101.2U06) | L25: DOSING UNIT DIESEL GENERATOR AFT 11210E08 | M25: 1060 | N25: ENGINE ROOM / SALLE DES MACHINES | O25: (=101.2++1060+-101.2U02) | P25: SCR PANEL DIESEL GENERATOR AFT 10610E04 | Q25: 1060 | R25: ENGINE ROOM / SALLE DES MACHINES | S25: 1060P008X01N,1060P009X05N,1060P009X03N | T25: LOCAL | U25: WK39/2024 NEW CABLE | V25: 1060P008X01N | W25: 1060P009X03N
B26: 101.2W0023 | C26: 1 | D26: 1 | E26: 1 | G26: TC+SH 7X2X0.75 | H26: S2 | I26: 16.29 | J26: =ROUNDUP(I26,0) -> 17 | K26: (+10P0.6) | L26: 10P0.6 MAIN SWITCHBOARD DIESEL GENERATOR AFT | M26: 2266 | N26: SWITCHBOARD ROOM / LOCAL TABLEAUX | O26: (=101.2++1060+-101.2U01) | P26: DIESEL GENERATOR AFT PANEL | Q26: 1060 | R26: ENGINE ROOM / SALLE DES MACHINES | S26: 10P0.6,226612013P14-10P0.6,1060P013X25N,1060P013X19N,1060P013X27N,1060P012X21N,1060P012X18N,1060P009X04N,1060P009X05N,1060S009X03N | T26: NOT LOCAL CABLE | U26: WK39/2024 NEW CABLE | V26: 10P0.6 | W26: 1060S009X03N
B27: 101.2W0024 | C27: 1 | D27: 1 | E27: 1 | G27: TC+SH 2X2X0.75 | H27: S2 | I27: 16.29 | J27: =ROUNDUP(I27,0) -> 17 | K27: (+10P0.6) | L27: 10P0.6 MAIN SWITCHBOARD DIESEL GENERATOR AFT | M27: 2266 | N27: SWITCHBOARD ROOM / LOCAL TABLEAUX | O27: (=101.2++1060+-101.2U01) | P27: DIESEL GENERATOR AFT PANEL | Q27: 1060 | R27: ENGINE ROOM / SALLE DES MACHINES | S27: 10P0.6,226612013P14-10P0.6,1060P013X25N,1060P013X19N,1060P013X27N,1060P012X21N,1060P012X18N,1060P009X04N,1060P009X05N,1060S009X03N | T27: NOT LOCAL CABLE | U27: WK39/2024 NEW CABLE | V27: 10P0.6 | W27: 1060S009X03N
B28: 101.2W0025 | G28: ORIGINAL CABLE | H28: S2 | I28: 9.69 | J28: =ROUNDUP(I28,0) -> 10 | K28: (=101.2++1060+-101.2U03) | L28: EXAUST DIESEL GENERATOR AFT | M28: 1060 | N28: ENGINE ROOM / SALLE DES MACHINES | O28: (=101.2++1060+-101.2U02) | P28: SCR PANEL DIESEL GENERATOR AFT 10610E04 | Q28: 1060 | R28: ENGINE ROOM / SALLE DES MACHINES | S28: 1060P009X01N,1060P009X03N | T28: LOCAL | U28: WK39/2024 NEW CABLE | V28: 1060P009X01N | W28: 1060P009X03N
B29: 101.2W0026 | G29: ORIGINAL CABLE | H29: S2 | I29: 9.69 | J29: =ROUNDUP(I29,0) -> 10 | K29: (=101.2++1060+-101.2U03) | L29: EXAUST DIESEL GENERATOR AFT | M29: 1060 | N29: ENGINE ROOM / SALLE DES MACHINES | O29: (=101.2++1060+-101.2U02) | P29: SCR PANEL DIESEL GENERATOR AFT 10610E04 | Q29: 1060 | R29: ENGINE ROOM / SALLE DES MACHINES | S29: 1060P009X01N,1060P009X03N | T29: LOCAL | U29: WK39/2024 NEW CABLE | V29: 1060P009X01N | W29: 1060P009X03N
B30: 101.2W0027 | G30: ORIGINAL CABLE | H30: S2 | I30: 11.11 | J30: =ROUNDUP(I30,0) -> 12 | K30: (=101.2++1060+-101.2U08) | L30: FR UNIT PS | M30: 1060 | N30: ENGINE ROOM / SALLE DES MACHINES | O30: (=101.2++1060+-101.2U02) | P30: SCR PANEL DIESEL GENERATOR AFT 10610E04 | Q30: 1060 | R30: ENGINE ROOM / SALLE DES MACHINES | S30: 1060P007X01N,1060S009X03N,1060P009X05N,1060P009X03N | T30: LOCAL | U30: WK39/2024 NEW CABLE | V30: 1060P007X01N | W30: 1060P009X03N
B31: 101.2W0030 | C31: 1 | D31: 1 | G31: BUS 2X2X0.9 CAN | H31: S2 | I31: 57.43 | J31: =ROUNDUP(I31,0) -> 58 | K31: (+42DF.7) | L31: 42DF.7 CENTRAL CONSOLE | M31: 4032 | N31: WHEELHOUSE / TIMONERIE | O31: (=101.2++1060+-101.2U01) | P31: DIESEL GENERATOR AFT PANEL | Q31: 1060 | R31: ENGINE ROOM / SALLE DES MACHINES | S31: 4032P032X13N,4032S031X06N,4032S031X05N,4032S031X03N,304033030S11,3040S027X02N,3040S027X03N,3040S023X01N,3040S021X02N,3040S017X03N,316333015S11,3163S014X02N,3163S012X04N,3163S012X06N,216523012S11,216512012S11,1060S012X16N,1060S009X02N,1060S009X03N | T31: NOT LOCAL CABLE | U31: WK03/2025/UPDATE CABLE TYPE R1.01 | V31: 4032P032X13N | W31: 1060S009X03N
A32: 102 | B32: 102W0001 | C32: 1 | D32: 1 | E32: 2 | G32: TC+SH 10X2X0.75 | H32: S2 | I32: 8.71 | J32: =ROUNDUP(I32,0) -> 9 | K32: (+12EP0.1) | L32: 12EP0.1 EMERGENCY SWITCHBOARD EDG 52KW / MSB TRANSFER LINE / CONSUMERS 3X400V 50HZ | M32: 4262 | N32: EMG. GENSET / GROUPE DE SECOURS | O32: (=102++4262+-102U01) | P32: EMERGENCY GENERATOR PANEL | Q32: 4262 | R32: EMG. GENSET / GROUPE DE SECOURS | S32: 12EP0.1,4262P013X06N | T32: LOCAL | U32: WK39/2024 NEW CABLE | V32: 12EP0.1 | W32: 4262P013X06N
B33: 102W0002 | C33: 1 | D33: 1 | E33: 2 | G33: TC+SH 7X2X0.75 | H33: S2 | I33: 8.71 | J33: =ROUNDUP(I33,0) -> 9 | K33: (+12EP0.1) | L33: 12EP0.1 EMERGENCY SWITCHBOARD EDG 52KW / MSB TRANSFER LINE / CONSUMERS 3X400V 50HZ | M33: 4262 | N33: EMG. GENSET / GROUPE DE SECOURS | O33: (=102++4262+-102U01) | P33: EMERGENCY GENERATOR PANEL | Q33: 4262 | R33: EMG. GENSET / GROUPE DE SECOURS | S33: 12EP0.1,4262P013X06N | T33: LOCAL | U33: WK39/2024 NEW CABLE | V33: 12EP0.1 | W33: 4262P013X06N
B34: 102W0012 | C34: 1 | D34: 1 | G34: CAT7_S/FTP | H34: S2 | I34: 44.69 | J34: =ROUNDUP(I34,0) -> 45 | K34: (+42DF.7) | L34: 42DF.7 CENTRAL CONSOLE | M34: 4032 | N34: WHEELHOUSE / TIMONERIE | O34: (=102++4262+-102U01) | P34: EMERGENCY GENERATOR PANEL | Q34: 4262 | R34: EMG. GENSET / GROUPE DE SECOURS | S34: 4032P032X13N,4032S031X06N,304033030P11,3040P027X05N,3040P024X02N,3040P020X02N,3040P019X04N,304034019P11,4256P019X04N,4256P019X08N,4258P017X01N,425844015P11,4262P015X03N,4262P013X06N | T34: NOT LOCAL CABLE | U34: WK39/2024 NEW CABLE | V34: 4032P032X13N | W34: 4262P013X06N
A35: 105 | B35: 105W0007 | C35: 1 | D35: 1 | E35: 1 | G35: TC+SH 4X2X0.75 | H35: S2 | I35: 13.15 | J35: =ROUNDUP(I35,0) -> 14 | K35: (+10P0.1) | L35: 10P0.1 MAIN SWITCHBOARD 400VAC CONSUMERS | M35: 2266 | N35: SWITCHBOARD ROOM / LOCAL TABLEAUX | O35: (+40DE) | P35: 40DE SWITCHBOARD ROOM CONSOLE | Q35: 2266 | R35: SWITCHBOARD ROOM / LOCAL TABLEAUX | S35: 10P0.1,2266P012P07N,40DE | T35: LOCAL | U35: WK39/2024 NEW CABLE | V35: 10P0.1 | W35: 40DE
B36: 105W0008 | C36: 1 | D36: 1 | E36: 1 | G36: TC+SH 4X2X0.75 | H36: S2 | I36: 15.63 | J36: =ROUNDUP(I36,0) -> 16 | K36: (+10P0.7) | L36: 10P0.7 MAIN SWITCHBOARD 400VAC CONSUMERS | M36: 2266 | N36: SWITCHBOARD ROOM / LOCAL TABLEAUX | O36: (+40DE) | P36: 40DE SWITCHBOARD ROOM CONSOLE | Q36: 2266 | R36: SWITCHBOARD ROOM / LOCAL TABLEAUX | S36: 10P0.7,226612013P19-10P0.7,1060P013X26N,1060P013X25N,1060P013X19N,1060P013X27N,1060P012X21N,106012012P12-40DE,40DE | T36: LOCAL | U36: WK39/2024 NEW CABLE | V36: 10P0.7 | W36: 40DE
A37: 122 | B37: 122W0011 | C37: 1 | D37: 1 | E37: 1 | G37: TC+SH 14X2X0.75 | H37: S2 | I37: 13.15 | J37: =ROUNDUP(I37,0) -> 14 | K37: (+10P0.1) | L37: 10P0.1 MAIN SWITCHBOARD 400VAC CONSUMERS | M37: 2266 | N37: SWITCHBOARD ROOM / LOCAL TABLEAUX | O37: (+40DE) | P37: 40DE SWITCHBOARD ROOM CONSOLE | Q37: 2266 | R37: SWITCHBOARD ROOM / LOCAL TABLEAUX | S37: 10P0.1,2266P012P07N,40DE | T37: LOCAL | U37: WK39/2024 NEW CABLE | V37: 10P0.1 | W37: 40DE
B38: 122W0012 | C38: 1 | D38: 1 | E38: 1 | G38: TC+SH 14X2X0.75 | H38: S2 | I38: 13.15 | J38: =ROUNDUP(I38,0) -> 14 | K38: (+10P0.1) | L38: 10P0.1 MAIN SWITCHBOARD 400VAC CONSUMERS | M38: 2266 | N38: SWITCHBOARD ROOM / LOCAL TABLEAUX | O38: (+40DE) | P38: 40DE SWITCHBOARD ROOM CONSOLE | Q38: 2266 | R38: SWITCHBOARD ROOM / LOCAL TABLEAUX | S38: 10P0.1,2266P012P07N,40DE | T38: LOCAL | U38: WK39/2024 NEW CABLE | V38: 10P0.1 | W38: 40DE
B39: 122W0013 | C39: 1 | D39: 1 | E39: 1 | G39: TC+SH 10X2X0.75 | H39: S2 | I39: 15.63 | J39: =ROUNDUP(I39,0) -> 16 | K39: (+10P0.7) | L39: 10P0.7 MAIN SWITCHBOARD 400VAC CONSUMERS | M39: 2266 | N39: SWITCHBOARD ROOM / LOCAL TABLEAUX | O39: (+40DE) | P39: 40DE SWITCHBOARD ROOM CONSOLE | Q39: 2266 | R39: SWITCHBOARD ROOM / LOCAL TABLEAUX | S39: 10P0.7,226612013P19-10P0.7,1060P013X26N,1060P013X25N,1060P013X19N,1060P013X27N,1060P012X21N,106012012P12-40DE,40DE | T39: LOCAL | U39: WK39/2024 NEW CABLE | V39: 10P0.7 | W39: 40DE
B40: 122W0014 | C40: 1 | D40: 1 | E40: 1 | G40: TC+SH 10X2X0.75 | H40: S2 | I40: 15.63 | J40: =ROUNDUP(I40,0) -> 16 | K40: (+10P0.7) | L40: 10P0.7 MAIN SWITCHBOARD 400VAC CONSUMERS | M40: 2266 | N40: SWITCHBOARD ROOM / LOCAL TABLEAUX | O40: (+40DE) | P40: 40DE SWITCHBOARD ROOM CONSOLE | Q40: 2266 | R40: SWITCHBOARD ROOM / LOCAL TABLEAUX | S40: 10P0.7,226612013P19-10P0.7,1060P013X26N,1060P013X25N,1060P013X19N,1060P013X27N,1060P012X21N,106012012P12-40DE,40DE | T40: LOCAL | U40: WK39/2024 NEW CABLE | V40: 10P0.7 | W40: 40DE
B41: 122W0021 | C41: 1 | D41: 1 | E41: 1 | G41: TC+SH 7X2X0.75 | H41: S2 | I41: 11.97 | J41: =ROUNDUP(I41,0) -> 12 | K41: (+10P0.3) | L41: 10P0.3 MAIN SWITCHBOARD BUS-TIE / SYNCHRONIZATION / ESB TRANSFER LINE | M41: 2266 | N41: SWITCHBOARD ROOM / LOCAL TABLEAUX | O41: (+40DE) | P41: 40DE SWITCHBOARD ROOM CONSOLE | Q41: 2266 | R41: SWITCHBOARD ROOM / LOCAL TABLEAUX | S41: 10P0.3,40DE | T41: LOCAL | U41: WK39/2024 NEW CABLE | V41: 10P0.3 | W41: 40DE
B42: 122W0022 | C42: 1 | D42: 1 | E42: 1 | G42: TC+SH 2X2X0.75 | H42: S2 | I42: 11.39 | J42: =ROUNDUP(I42,0) -> 12 | K42: (+10P0.4) | L42: 10P0.4 MAIN SWITCHBOARD GRID CONVERTER | M42: 2266 | N42: SWITCHBOARD ROOM / LOCAL TABLEAUX | O42: (+40DE) | P42: 40DE SWITCHBOARD ROOM CONSOLE | Q42: 2266 | R42: SWITCHBOARD ROOM / LOCAL TABLEAUX | S42: 10P0.4,40DE | T42: LOCAL | U42: WK39/2024 NEW CABLE | V42: 10P0.4 | W42: 40DE
B43: 122W0023 | C43: 1 | D43: 1 | E43: 1 | G43: TC+SH 2X2X0.75 | H43: S2 | I43: 13.3 | J43: =ROUNDUP(I43,0) -> 14 | K43: (+10P0.5) | L43: 10P0.5 MAIN SWITCHBOARD BOWTHRUSTER | M43: 2266 | N43: SWITCHBOARD ROOM / LOCAL TABLEAUX | O43: (+40DE) | P43: 40DE SWITCHBOARD ROOM CONSOLE | Q43: 2266 | R43: SWITCHBOARD ROOM / LOCAL TABLEAUX | S43: 10P0.5,226612013P13-10P0.5,1060P013X19N,1060P013X27N,1060P012X21N,106012012P11-40DE,40DE | T43: LOCAL | U43: WK39/2024 NEW CABLE | V43: 10P0.5 | W43: 40DE
B44: 122W0024 | C44: 1 | D44: 1 | E44: 1 | G44: TC+SH 7X2X0.75 | H44: S2 | I44: 15.63 | J44: =ROUNDUP(I44,0) -> 16 | K44: (+10P0.7) | L44: 10P0.7 MAIN SWITCHBOARD 400VAC CONSUMERS | M44: 2266 | N44: SWITCHBOARD ROOM / LOCAL TABLEAUX | O44: (+40DE) | P44: 40DE SWITCHBOARD ROOM CONSOLE | Q44: 2266 | R44: SWITCHBOARD ROOM / LOCAL TABLEAUX | S44: 10P0.7,226612013P19-10P0.7,1060P013X26N,1060P013X25N,1060P013X19N,1060P013X27N,1060P012X21N,106012012P12-40DE,40DE | T44: LOCAL | U44: WK39/2024 NEW CABLE | V44: 10P0.7 | W44: 40DE
B45: 122W0025 | C45: 1 | D45: 1 | E45: 1 | G45: TC+SH 4X2X0.75 | H45: S2 | I45: 12.41 | J45: =ROUNDUP(I45,0) -> 13 | K45: (+10P0.2) | L45: 10P0.2 MAIN SWITCHBOARD DIESEL GENERATOR FWD | M45: 2266 | N45: SWITCHBOARD ROOM / LOCAL TABLEAUX | O45: (+40DE) | P45: 40DE SWITCHBOARD ROOM CONSOLE | Q45: 2266 | R45: SWITCHBOARD ROOM / LOCAL TABLEAUX | S45: 10P0.2,2266P012P07N,40DE | T45: LOCAL | U45: WK39/2024 NEW CABLE | V45: 10P0.2 | W45: 40DE
B46: 122W0026 | C46: 1 | D46: 1 | E46: 1 | G46: TC+SH 4X2X0.75 | H46: S2 | I46: 13.59 | J46: =ROUNDUP(I46,0) -> 14 | K46: (+10P0.6) | L46: 10P0.6 MAIN SWITCHBOARD DIESEL GENERATOR AFT | M46: 2266 | N46: SWITCHBOARD ROOM / LOCAL TABLEAUX | O46: (+40DE) | P46: 40DE SWITCHBOARD ROOM CONSOLE | Q46: 2266 | R46: SWITCHBOARD ROOM / LOCAL TABLEAUX | S46: 10P0.6,226612013P14-10P0.6,1060P013X25N,1060P013X19N,1060P013X27N,1060P012X21N,106012012P12-40DE,40DE | T46: LOCAL | U46: WK39/2024 NEW CABLE | V46: 10P0.6 | W46: 40DE
A47: 123 | B47: 123W0013 | C47: 1 | D47: 1 | E47: 2 | G47: TC+SH 1X2X0.75 | H47: S2 | I47: 46.83 | J47: =ROUNDUP(I47,0) -> 47 | K47: (+10P0.1) | L47: 10P0.1 MAIN SWITCHBOARD 400VAC CONSUMERS | M47: 2266 | N47: SWITCHBOARD ROOM / LOCAL TABLEAUX | O47: (+11P1) | P47: 11P1 400V/230V POWER DISTRIBUTION PANEL NO.1 - GALLEY & PANTRY SPACE | Q47: 4040 | R47: ELECTRICAL ROOM / LOCAL ELECTRIQUE | S47: 10P0.1,226612013P17-10P0.1,1060P013X07N,1060P013X09N,226612013P11,226623013P11,3264P012X08N,3264P012X04N,3264P015X01N,3264P015X05N,304033015P11,3040P018X06N,3040P020X03N,3040P020X02N,3040P024X02N,3040P027X05N,3040S026X08N,304034028S11,4040S028X08N | T47: NOT LOCAL CABLE | U47: WK39/2024 NEW CABLE | V47: 10P0.1 | W47: 4040S028X08N
B48: 123W0016 | C48: 1 | D48: 1 | E48: 1 | G48: TC+SH 7X2X0.75 | H48: S2 | I48: 15.95 | J48: =ROUNDUP(I48,0) -> 16 | K48: (+10P0.8) | L48: 10P0.8 MAIN SWITCHBOARD 230VAC CONSUMERS | M48: 2266 | N48: SWITCHBOARD ROOM / LOCAL TABLEAUX | O48: (+40DE) | P48: 40DE SWITCHBOARD ROOM CONSOLE | Q48: 2266 | R48: SWITCHBOARD ROOM / LOCAL TABLEAUX | S48: 40DE,106012012P12-40DE,1060P012X21N,1060P013X27N,1060P013X19N,1060P013X25N,1060P013X26N,226612013P12-10P0.8,10P0.8 | T48: LOCAL | U48: WK39/2024 NEW CABLE | V48: 10P0.8 | W48: 40DE
B49: 123W0017 | C49: 1 | D49: 1 | G49: TC+SH 2X2X0.75 | H49: S2 | I49: 16.62 | J49: =ROUNDUP(I49,0) -> 17 | K49: (+16NA) | L49: "16NA" 230VAC NAUTICAL DISTRIBUTION PANEL | M49: 4032 | N49: WHEELHOUSE / TIMONERIE | O49: (+42DF.7) | P49: 42DF.7 CENTRAL CONSOLE | Q49: 4032 | R49: WHEELHOUSE / TIMONERIE | S49: 4032S030X01N,4032S031X03N,4032S031X05N,4032S031X06N,4032P032X13N | T49: LOCAL | U49: WK39/2024 NEW CABLE | V49: 4032S030X01N | W49: 4032P032X13N
A50: 126 | B50: 126W0017 | C50: 1 | D50: 1 | G50: TC+SH 4X2X0.75 | H50: S2 | I50: 22.92 | J50: =ROUNDUP(I50,0) -> 23 | K50: (+14E1) | L50: "14E1" ME'S & DG'S START BATTERY COMUTATION PANEL | M50: 1060 | N50: ENGINE ROOM / SALLE DES MACHINES | O50: (+40DE) | P50: 40DE SWITCHBOARD ROOM CONSOLE | Q50: 2266 | R50: SWITCHBOARD ROOM / LOCAL TABLEAUX | S50: 1060P011X07N,1060P012X01N,1060P014X05N,1060P014X07N,1060P013X19N,1060P013X27N,1060P012X21N,106012012P12-40DE,40DE | T50: NOT LOCAL CABLE | U50: WK39/2024 NEW CABLE | V50: 1060P011X07N | W50: 40DE
B51: 126W0018 | C51: 1 | D51: 1 | G51: TC+SH 1X2X0.75 | H51: S2 | I51: 3.57 | J51: =ROUNDUP(I51,0) -> 4 | K51: (+14E1) | L51: "14E1" ME'S & DG'S START BATTERY COMUTATION PANEL | M51: 1060 | N51: ENGINE ROOM / SALLE DES MACHINES | O51: (=123++1060+-14C1) | P51: STARTING BATTERY CHARGER NO.1 ER PS FORE | Q51: 1060 | R51: ENGINE ROOM / SALLE DES MACHINES | S51: OFF ROUTE | T51: LOCAL | U51: WK39/2024 NEW CABLE | V51: OFF ROUTE | W51: OFF ROUTE
B52: 126W0019 | C52: 1 | D52: 1 | G52: TC+SH 1X2X0.75 | H52: S2 | I52: 3.57 | J52: =ROUNDUP(I52,0) -> 4 | K52: (+14E1) | L52: "14E1" ME'S & DG'S START BATTERY COMUTATION PANEL | M52: 1060 | N52: ENGINE ROOM / SALLE DES MACHINES | O52: (=133++1060+-14C2) | P52: STARTING BATTERY CHARGER NO.2 ER PS AFT | Q52: 1060 | R52: ENGINE ROOM / SALLE DES MACHINES | S52: OFF ROUTE | T52: LOCAL | U52: WK39/2024 NEW CABLE | V52: OFF ROUTE | W52: OFF ROUTE
B53: 126W0024 | C53: 1 | D53: 1 | E53: 2 | G53: TC+SH 1X2X0.75 | H53: S2 | I53: 5.61 | J53: =ROUNDUP(I53,0) -> 6 | K53: (+14E3) | L53: 14E3 EDG START BATTERY PANEL | M53: 4262 | N53: EMG. GENSET / GROUPE DE SECOURS | O53: (=133++4262+-14C3) | P53: EDG BATTERY CHARGER NO.1 | Q53: 4262 | R53: EMG. GENSET / GROUPE DE SECOURS | S53: OFF ROUTE | T53: LOCAL | U53: WK39/2024 NEW CABLE | V53: OFF ROUTE | W53: OFF ROUTE
B54: 126W0025 | C54: 1 | D54: 1 | E54: 2 | G54: TC+SH 7X2X0.75 | H54: S2 | I54: 27.93 | J54: =ROUNDUP(I54,0) -> 28 | K54: (+10P0.3) | L54: 10P0.3 MAIN SWITCHBOARD BUS-TIE / SYNCHRONIZATION / ESB TRANSFER LINE | M54: 2266 | N54: SWITCHBOARD ROOM / LOCAL TABLEAUX | O54: (+12EP0.1) | P54: 12EP0.1 EMERGENCY SWITCHBOARD EDG 52KW / MSB TRANSFER LINE / CONSUMERS 3X400V 50HZ | Q54: 4262 | R54: EMG. GENSET / GROUPE DE SECOURS | S54: 10P0.3,226612013P16-10P0.3,1060P013X07N,1060P013X09N,226612013P11,226623013P11,3264P012X08N,3264P012X04N,3264P015X01N,326434015P11,12EP0.1 | T54: NOT LOCAL CABLE | U54: WK39/2024 NEW CABLE | V54: 10P0.3 | W54: 12EP0.1
B55: 126W0026 | C55: 1 | D55: 1 | E55: 2 | G55: TC+SH 1X2X0.75 | H55: S2 | I55: 5.61 | J55: =ROUNDUP(I55,0) -> 6 | K55: (+14E3) | L55: 14E3 EDG START BATTERY PANEL | M55: 4262 | N55: EMG. GENSET / GROUPE DE SECOURS | O55: (=133++4262+-14C4) | P55: EDG BATTERY CHARGER NO.2 | Q55: 4262 | R55: EMG. GENSET / GROUPE DE SECOURS | S55: OFF ROUTE | T55: LOCAL | U55: WK39/2024 NEW CABLE | V55: OFF ROUTE | W55: OFF ROUTE
B56: 126W0027 | C56: 1 | D56: 1 | E56: 1 | G56: TC+SH 7X2X0.75 | H56: S2 | I56: 50.53 | J56: =ROUNDUP(I56,0) -> 51 | K56: (+14E3) | L56: 14E3 EDG START BATTERY PANEL | M56: 4262 | N56: EMG. GENSET / GROUPE DE SECOURS | O56: (+42DF.7) | P56: 42DF.7 CENTRAL CONSOLE | Q56: 4032 | R56: WHEELHOUSE / TIMONERIE | S56: 4262P012X02N,4262P014X01N,4262P015X03N,425844015P11,4258P017X01N,4242P023X01N,4242P028X04N,403244029P11,4032P029X03N,4032P030X05N,4032P030X01N,4032S030X17N,4032S031X05N,4032S031X06N,4032P032X13N | T56: NOT LOCAL CABLE | U56: WK03/2025/NEW CABLE R1.01 | V56: 4262P012X02N | W56: 4032P032X13N
B57: 126W0035 | C57: 1 | D57: 1 | E57: 2 | G57: TC+SH 1X2X0.75 | H57: S2 | I57: 4.59 | J57: =ROUNDUP(I57,0) -> 5 | K57: (+14E4) | L57: 14E4 24VDC SERVICE DISTRIBUTION PANEL | M57: 2266 | N57: SWITCHBOARD ROOM / LOCAL TABLEAUX | O57: (=133++2266+-14C5) | P57: SERVICE BATTERY CHARGER NO.2 | Q57: 2266 | R57: SWITCHBOARD ROOM / LOCAL TABLEAUX | S57: OFF ROUTE | T57: LOCAL | U57: WK39/2024 NEW CABLE | V57: OFF ROUTE | W57: OFF ROUTE
B58: 126W0036 | C58: 1 | D58: 1 | E58: 1 | G58: TC+SH 4X2X0.75 | H58: S2 | I58: 22.71 | J58: =ROUNDUP(I58,0) -> 23 | K58: (+14E4) | L58: 14E4 24VDC SERVICE DISTRIBUTION PANEL | M58: 2266 | N58: SWITCHBOARD ROOM / LOCAL TABLEAUX | O58: (+40DE) | P58: 40DE SWITCHBOARD ROOM CONSOLE | Q58: 2266 | R58: SWITCHBOARD ROOM / LOCAL TABLEAUX | S58: 2266P011X21N,227222011P11,2272P010X01N,2272P009X01N,2272P009X08N,106012011P11,1060P012X21N,106012012P12-40DE,40DE | T58: LOCAL | U58: WK39/2024 NEW CABLE | V58: 2266P011X21N | W58: 40DE
B59: 126W0037 | C59: 1 | D59: 1 | E59: 2 | G59: TC+SH 1X2X0.75 | H59: S2 | I59: 4.59 | J59: =ROUNDUP(I59,0) -> 5 | K59: (+14E4) | L59: 14E4 24VDC SERVICE DISTRIBUTION PANEL | M59: 2266 | N59: SWITCHBOARD ROOM / LOCAL TABLEAUX | O59: (=123++2266+-14C6) | P59: SERVICE BATTERY CHARGER NO.1 SWBD ROOM PS | Q59: 2266 | R59: SWITCHBOARD ROOM / LOCAL TABLEAUX | S59: OFF ROUTE | T59: LOCAL | U59: WK39/2024 NEW CABLE | V59: OFF ROUTE | W59: OFF ROUTE
A60: 132 | B60: 132W0002 | C60: 1 | D60: 1 | E60: 1 | G60: TC+SH 14X2X0.75 | H60: S2 | I60: 68.84 | J60: =ROUNDUP(I60,0) -> 69 | K60: (+12EP0.1) | L60: 12EP0.1 EMERGENCY SWITCHBOARD EDG 52KW / MSB TRANSFER LINE / CONSUMERS 3X400V 50HZ | M60: 4262 | N60: EMG. GENSET / GROUPE DE SECOURS | O60: (+42DF.7) | P60: 42DF.7 CENTRAL CONSOLE | Q60: 4032 | R60: WHEELHOUSE / TIMONERIE | S60: 12EP0.1,326434015P11,3264P015X01N,3264P012X04N,3264P012X08N,226623013P11,226622015P11,2040P018X22N,2040P018X01N,204023018P11,3040P017X09N,3040P017X04N,3040P018X11N,3040P019X04N,3040P023X04N,3040P029X07N,304033030P11,4032S031X06N,4032P032X13N | T60: NOT LOCAL CABLE | U60: WK39/2024 NEW CABLE | V60: 12EP0.1 | W60: 4032P032X13N
A61: 133 | B61: 133W0017 | C61: 1 | D61: 1 | E61: 1 | G61: TC+SH 4X2X0.75 | H61: S2 | I61: 39.57 | J61: =ROUNDUP(I61,0) -> 40 | K61: (+12EP0.2) | L61: 12EP0.2 EMERGENCY SWITCHBOARD CONSUMERS 3X230V 50HZ | M61: 4262 | N61: EMG. GENSET / GROUPE DE SECOURS | O61: (+42DF.7) | P61: 42DF.7 CENTRAL CONSOLE | Q61: 4032 | R61: WHEELHOUSE / TIMONERIE | S61: 12EP0.2,326434015P12,304033015P11,3040P018X06N,3040P020X03N,3040P020X02N,3040P024X02N,3040P027X05N,304033030P11,4032S031X06N,4032P032X13N | T61: NOT LOCAL CABLE | U61: WK39/2024 NEW CABLE | V61: 12EP0.2 | W61: 4032P032X13N
B62: 133W0025 | C62: 1 | D62: 1 | E62: 1 | G62: TC+SH 14X2X0.75 | H62: S2 | I62: 12.23 | J62: =ROUNDUP(I62,0) -> 13 | K62: (+11P2) | L62: 11P2 VALVE CONTROL CABINET | M62: 2266 | N62: SWITCHBOARD ROOM / LOCAL TABLEAUX | O62: (+40DE) | P62: 40DE SWITCHBOARD ROOM CONSOLE | Q62: 2266 | R62: SWITCHBOARD ROOM / LOCAL TABLEAUX | S62: 2266P014X04N,2266P014X10N,40DE | T62: LOCAL | U62: WK39/2024 NEW CABLE | V62: 2266P014X04N | W62: 40DE
B63: 133W0026 | C63: 1 | D63: 1 | E63: 1 | G63: TC+SH 14X2X0.75 | H63: S2 | I63: 12.23 | J63: =ROUNDUP(I63,0) -> 13 | K63: (+11P2) | L63: 11P2 VALVE CONTROL CABINET | M63: 2266 | N63: SWITCHBOARD ROOM / LOCAL TABLEAUX | O63: (+40DE) | P63: 40DE SWITCHBOARD ROOM CONSOLE | Q63: 2266 | R63: SWITCHBOARD ROOM / LOCAL TABLEAUX | S63: 2266P014X04N,2266P014X10N,40DE | T63: LOCAL | U63: WK39/2024 NEW CABLE | V63: 2266P014X04N | W63: 40DE
B64: 133W0027 | C64: 1 | D64: 1 | E64: 1 | G64: TC+SH 14X2X0.75 | H64: S2 | I64: 12.23 | J64: =ROUNDUP(I64,0) -> 13 | K64: (+11P2) | L64: 11P2 VALVE CONTROL CABINET | M64: 2266 | N64: SWITCHBOARD ROOM / LOCAL TABLEAUX | O64: (+40DE) | P64: 40DE SWITCHBOARD ROOM CONSOLE | Q64: 2266 | R64: SWITCHBOARD ROOM / LOCAL TABLEAUX | S64: 2266P014X04N,2266P014X10N,40DE | T64: LOCAL | U64: WK39/2024 NEW CABLE | V64: 2266P014X04N | W64: 40DE
B65: 133W0028 | C65: 1 | D65: 1 | E65: 1 | G65: TC+SH 14X2X0.75 | H65: S2 | I65: 12.23 | J65: =ROUNDUP(I65,0) -> 13 | K65: (+11P2) | L65: 11P2 VALVE CONTROL CABINET | M65: 2266 | N65: SWITCHBOARD ROOM / LOCAL TABLEAUX | O65: (+40DE) | P65: 40DE SWITCHBOARD ROOM CONSOLE | Q65: 2266 | R65: SWITCHBOARD ROOM / LOCAL TABLEAUX | S65: 2266P014X04N,2266P014X10N,40DE | T65: LOCAL | U65: WK39/2024 NEW CABLE | V65: 2266P014X04N | W65: 40DE
A66: 136 | B66: 136W0046 | C66: 1 | D66: 1 | G66: TC+SH 1X2X0.75 | H66: S2 | I66: 13.36 | J66: =ROUNDUP(I66,0) -> 14 | K66: (+14E5) | L66: "14E5" 24VDC WHEELHOUSE DISTRIBUTION PANEL | M66: 4032 | N66: WHEELHOUSE / TIMONERIE | O66: (=133++4034+-14C7) | P66: NAUTICAL BATTERY CHARGER NO.1 | Q66: 4034 | R66: TEHNICAL FLOOR WHEELHOUSE / TIMONERIE PLANCHER TECHNIQUE | S66: 4032S030X04N,4032S031X03N,4032S031X05N,4032S031X06N,4032P030X13N | T66: NOT LOCAL CABLE | U66: WK39/2024 NEW CABLE | V66: 4032S030X04N | W66: 4032P030X13N
B67: 136W0047 | C67: 1 | D67: 1 | G67: TC+SH 4X2X0.75 | H67: S2 | I67: 17.85 | J67: =ROUNDUP(I67,0) -> 18 | K67: (+14E5) | L67: "14E5" 24VDC WHEELHOUSE DISTRIBUTION PANEL | M67: 4032 | N67: WHEELHOUSE / TIMONERIE | O67: (+42DF.7) | P67: 42DF.7 CENTRAL CONSOLE | Q67: 4032 | R67: WHEELHOUSE / TIMONERIE | S67: 4032S030X04N,4032S031X03N,4032S031X05N,4032S031X06N,4032P032X13N | T67: LOCAL | U67: WK39/2024 NEW CABLE | V67: 4032S030X04N | W67: 4032P032X13N
B68: 136W0048 | C68: 1 | D68: 1 | G68: TC+SH 1X2X0.75 | H68: S2 | I68: 13.36 | J68: =ROUNDUP(I68,0) -> 14 | K68: (+14E5) | L68: "14E5" 24VDC WHEELHOUSE DISTRIBUTION PANEL | M68: 4032 | N68: WHEELHOUSE / TIMONERIE | O68: (=123++4034+-14C8) | P68: NAUTICAL BATTERY CHARGER NO.2 INSTRUMENTS ROOM | Q68: 4034 | R68: TEHNICAL FLOOR WHEELHOUSE / TIMONERIE PLANCHER TECHNIQUE | S68: 4032S030X04N,4032S031X03N,4032S031X05N,4032S031X06N,4032P030X13N | T68: NOT LOCAL CABLE | U68: WK39/2024 NEW CABLE | V68: 4032S030X04N | W68: 4032P030X13N
A69: 155 | B69: 155W0007 | C69: 1 | D69: 1 | G69: TC+FR+SH 1X2X0.75 | H69: S2 | I69: 65.7 | J69: =ROUNDUP(I69,0) -> 66 | K69: (+42DF.7) | L69: 42DF.7 CENTRAL CONSOLE | M69: 4032 | N69: WHEELHOUSE / TIMONERIE | O69: (=155++2284+-155U01) | P69: UPS | Q69: 2284 | R69: BATTERIES ROOM / LOCAL BATTERIES | S69: 4032P032X13N,4032S031X49N,4032P031X36N,4032S031X06N,304033030P11,3040P027X05N,3040P024X02N,3040P020X02N,3040P020X03N,3040P018X06N,304033015P11,3264P015X05N,3264P015X01N,3264P012X04N,3272P008X02N,3276P004X01N,3284P001X12N,3284P000X15N,208023001P11,2080P001X09N,208022001P11,2284P001X01N | T69: NOT LOCAL CABLE | U69: WK36/2025/UPDATE LENGHT&CABLE REROUTED R1.11 | V69: 4032P032X13N | W69: 2284P001X01N
A70: 201 | B70: 201W0003 | C70: 1 | D70: 1 | G70: CAT7_S/FTP | H70: S2 | I70: 58.68 | J70: =ROUNDUP(I70,0) -> 59 | K70: (+40DE) | L70: 40DE SWITCHBOARD ROOM CONSOLE | M70: 2266 | N70: SWITCHBOARD ROOM / LOCAL TABLEAUX | O70: (+42DF.6) | P70: 42DF.6 SB RIGHT | Q70: 4032 | R70: WHEELHOUSE / TIMONERIE | S70: 4032S032X01N,4032S031X01N,4032S031X02N,304033030S11,3040S027X02N,3040S027X03N,3040S023X01N,3040S021X02N,3040S017X03N,316333015S11,3163S014X02N,3163S012X04N,3163S012X06N,216523012S11,216512012S11,1060S012X16N,1060S009X02N,1060S009X03N,1060P009X05N,1060P009X04N,1060P012X18N,106012012P12-40DE,40DE | T70: NOT LOCAL CABLE | U70: WK39/2024 NEW CABLE | V70: 40DE | W70: 4032S032X01N
B71: 201W0004 | C71: 1 | D71: 1 | G71: TC+FR+SH 2X2X0.75 | H71: S2 | I71: 58.68 | J71: =ROUNDUP(I71,0) -> 59 | K71: (+40DE) | L71: 40DE SWITCHBOARD ROOM CONSOLE | M71: 2266 | N71: SWITCHBOARD ROOM / LOCAL TABLEAUX | O71: (+42DF.6) | P71: 42DF.6 SB RIGHT | Q71: 4032 | R71: WHEELHOUSE / TIMONERIE | S71: 4032S032X01N,4032S031X01N,4032S031X02N,304033030S11,3040S027X02N,3040S027X03N,3040S023X01N,3040S021X02N,3040S017X03N,316333015S11,3163S014X02N,3163S012X04N,3163S012X06N,216523012S11,216512012S11,1060S012X16N,1060S009X02N,1060S009X03N,1060P009X05N,1060P009X04N,1060P012X18N,106012012P12-40DE,40DE | T71: NOT LOCAL CABLE | U71: WK39/2024 NEW CABLE | V71: 40DE | W71: 4032S032X01N
B72: 201W0005 | C72: 1 | D72: 1 | G72: TC+FR+SH 2X2X0.75 | H72: S2 | I72: 18.16 | J72: =ROUNDUP(I72,0) -> 19 | K72: (+42DF.6) | L72: 42DF.6 SB RIGHT | M72: 4032 | N72: WHEELHOUSE / TIMONERIE | O72: (+42DF.7) | P72: 42DF.7 CENTRAL CONSOLE | Q72: 4032 | R72: WHEELHOUSE / TIMONERIE | S72: 4032S032X01N,4032S033X02N,4032S031X14N,4032S031X22N,4032P032X13N | T72: LOCAL | U72: WK39/2024 NEW CABLE | V72: 4032S032X01N | W72: 4032P032X13N
B73: 201W0006 | C73: 1 | D73: 1 | G73: CAT7_S/FTP | H73: S2 | I73: 18.16 | J73: =ROUNDUP(I73,0) -> 19 | K73: (+42DF.6) | L73: 42DF.6 SB RIGHT | M73: 4032 | N73: WHEELHOUSE / TIMONERIE | O73: (+42DF.7) | P73: 42DF.7 CENTRAL CONSOLE | Q73: 4032 | R73: WHEELHOUSE / TIMONERIE | S73: 4032S032X01N,4032S033X02N,4032S031X14N,4032S031X22N,4032P032X13N | T73: LOCAL | U73: WK39/2024 NEW CABLE | V73: 4032S032X01N | W73: 4032P032X13N
B74: 201W0007 | C74: 1 | D74: 1 | G74: TC+FR+SH 1X2X0.75 | H74: S2 | I74: 21.55 | J74: =ROUNDUP(I74,0) -> 22 | K74: (+42DF.6) | L74: 42DF.6 SB RIGHT | M74: 4032 | N74: WHEELHOUSE / TIMONERIE | O74: (+533CB01) | P74: MAGNET HOLDER CONNECTION BOX | Q74: 4141 | R74: GALLEY / CUISINE | S74: 4032S032X01N,4032S031X01N,4032S031X02N,4032S031X03N,4032S031X05N,404044030S11,414944028S11,414133028S11,4141S027X04N | T74: NOT LOCAL CABLE | U74: WK03/2026/CHANGED SPACE TARGET R1.13 | V74: 4032S032X01N | W74: 4141S027X04N
A75: 205 | B75: 205W0001 | G75: ORIGINAL CABLE | H75: S2 | I75: 9.3 | J75: =ROUNDUP(I75,0) -> 10 | K75: (=205++4032+-205U02) | L75: JUNCTION BOX | M75: 4032 | N75: WHEELHOUSE / TIMONERIE | O75: (=205++5010+-205U04) | P75: SOUND RECEPTION SYSTEM ANTENNA | Q75: 5010 | R75: TOP DECK / TOIT | S75: 4032P030X01N,4032S030X17N,5010P030X17G | T75: NOT LOCAL CABLE | U75: WK39/2024 NEW CABLE | V75: 4032P030X01N | W75: 5010P030X17G
B76: 205W0003 | C76: 1 | D76: 1 | G76: TC+SH 7X2X0.75 | H76: S2 | I76: 14.64 | J76: =ROUNDUP(I76,0) -> 15 | K76: (+47CC) | L76: 47CC OVERHEAD CONSOLE | M76: 4032 | N76: WHEELHOUSE / TIMONERIE | O76: (=205++4032+-205U02) | P76: JUNCTION BOX | Q76: 4032 | R76: WHEELHOUSE / TIMONERIE | S76: 4032S032X09N,4032S032X06N,4032S030X11N,4032S030X19N,4032S030X17N,4032P030X01N | T76: LOCAL | U76: WK39/2024 NEW CABLE | V76: 4032S032X09N | W76: 4032P030X01N
B77: 205W0004 | C77: 1 | D77: 1 | G77: TC+SH 1X2X0.75 | H77: S2 | I77: 25.55 | J77: =ROUNDUP(I77,0) -> 26 | K77: (+42DF.7) | L77: 42DF.7 CENTRAL CONSOLE | M77: 4032 | N77: WHEELHOUSE / TIMONERIE | O77: (+47CC) | P77: 47CC OVERHEAD CONSOLE | Q77: 4032 | R77: WHEELHOUSE / TIMONERIE | S77: 4032P032X13N,4032S031X06N,4032S031X05N,4032S031X03N,4032S030X04N,4032S030X19N,4032S030X11N,4032S032X06N,4032S032X09N | T77: LOCAL | U77: WK39/2024 NEW CABLE | V77: 4032P032X13N | W77: 4032S032X09N
A78: 221 | B78: 221W0027 | C78: 1 | D78: 1 | G78: C+FR+SH 14X1.5 | H78: S1 | I78: 15.64 | J78: =ROUNDUP(I78,0) -> 16 | K78: (+40DE) | L78: 40DE SWITCHBOARD ROOM CONSOLE | M78: 2266 | N78: SWITCHBOARD ROOM / LOCAL TABLEAUX | O78: (=221++1060+-221U08) | P78: SIGNAL PANEL WITH 7 LIGHTS, 1X SOUNDER? | Q78: 1060 | R78: ENGINE ROOM / SALLE DES MACHINES | S78: 1060P014X02N,1060P014X05N,1060P014X07N,1060P013X19N,1060P013X27N,1060P012X21N,106012012P12-40DE,40DE | T78: NOT LOCAL CABLE | U78: WK39/2024 NEW CABLE | V78: 40DE | W78: 1060P014X02N
B79: 221W0028 | C79: 1 | D79: 1 | G79: C+FR+SH 10X1.5 | H79: S1 | I79: 39.96 | J79: =ROUNDUP(I79,0) -> 40 | K79: (+40DE) | L79: 40DE SWITCHBOARD ROOM CONSOLE | M79: 2266 | N79: SWITCHBOARD ROOM / LOCAL TABLEAUX | O79: (=221++2080+-221U09) | P79: SIGNAL PANEL WITH 4 LIGHTS 1 SOUNDER 1 HIGH SIGNALLING | Q79: 2080 | R79: STEERING ROOM / LOCAL BARRE | S79: 2080S001X02N,2080S002X06N,208022005S11,2173S006X01N,2171S008X01N,2272P008X03N,2272P010X01N,2272P009X01N,2272P009X08N,106012011P11,1060P012X21N,106012012P12-40DE,40DE | T79: NOT LOCAL CABLE | U79: WK39/2024 NEW CABLE | V79: 40DE | W79: 2080S001X02N
B80: 221W0029 | C80: 1 | D80: 1 | G80: C+FR+SH 10X1.5 | H80: S1 | I80: 50.54 | J80: =ROUNDUP(I80,0) -> 51 | K80: (+40DE) | L80: 40DE SWITCHBOARD ROOM CONSOLE | M80: 2266 | N80: SWITCHBOARD ROOM / LOCAL TABLEAUX | O80: (=221++4262+-221U10) | P80: SIGNAL PANEL WITH 3 LIGHTS 1 HIGH SIGNALLING | Q80: 4262 | R80: EMG. GENSET / GROUPE DE SECOURS | S80: 4262P013X04N,425844015P11,4258P017X01N,4256P019X08N,4256P019X04N,304034019P11,3040P019X04N,3040P018X11N,3040P017X04N,3040P017X09N,204023018P11,2040P018X01N,2040P018X22N,226622015P11,226612014P11,1060P014X07N,1060P013X19N,1060P013X27N,1060P012X21N,106012012P12-40DE,40DE | T80: NOT LOCAL CABLE | U80: WK39/2024 NEW CABLE | V80: 40DE | W80: 4262P013X04N
B81: 221W0030 | C81: 1 | D81: 1 | G81: C+FR+SH 10X1.5 | H81: S1 | I81: 60.58 | J81: =ROUNDUP(I81,0) -> 61 | K81: (+40DE) | L81: 40DE SWITCHBOARD ROOM CONSOLE | M81: 2266 | N81: SWITCHBOARD ROOM / LOCAL TABLEAUX | O81: (=221++1020+-221U11) | P81: SIGNAL PANEL WITH 4 LIGHTS 1 SOUNDER 1 HIGH SIGNALLING | Q81: 1020 | R81: BOW THRUSTER ROOM / LOCAL PROP. ETRAVE | S81: 1020S047X02N,1020P047X01N,102011047P11,1030P047X04N,1030P045X02N,1030P043X01N,1030P037X01N,1030P031X01N,103011030P11,1040P028X02N,1040P023X01N,1040P020X03N,106011018P13,1060P017X03N,1060P015X11N,1060P014X31N,1060P013X25N,1060P013X19N,1060P013X27N,1060P012X21N,106012012P12-40DE,40DE | T81: NOT LOCAL CABLE | U81: WK39/2024 NEW CABLE | V81: 40DE | W81: 1020S047X02N
A82: 222 | B82: 222W0106 | C82: 1 | D82: 1 | G82: TC+FR+SH 2X2X0.75 | H82: S2 | I82: 58.68 | J82: =ROUNDUP(I82,0) -> 59 | K82: (+40DE) | L82: 40DE SWITCHBOARD ROOM CONSOLE | M82: 2266 | N82: SWITCHBOARD ROOM / LOCAL TABLEAUX | O82: (+42DF.6) | P82: 42DF.6 SB RIGHT | Q82: 4032 | R82: WHEELHOUSE / TIMONERIE | S82: 4032S032X01N,4032S031X01N,4032S031X02N,304033030S11,3040S027X02N,3040S027X03N,3040S023X01N,3040S021X02N,3040S017X03N,316333015S11,3163S014X02N,3163S012X04N,3163S012X06N,216523012S11,216512012S11,1060S012X16N,1060S009X02N,1060S009X03N,1060P009X05N,1060P009X04N,1060P012X18N,106012012P12-40DE,40DE | T82: NOT LOCAL CABLE | U82: WK39/2024 NEW CABLE | V82: 40DE | W82: 4032S032X01N
B83: 222W0107 | C83: 1 | D83: 1 | G83: TC+FR+SH 1X2X0.75 | H83: S2 | I83: 18.16 | J83: =ROUNDUP(I83,0) -> 19 | K83: (+42DF.6) | L83: 42DF.6 SB RIGHT | M83: 4032 | N83: WHEELHOUSE / TIMONERIE | O83: (+42DF.7) | P83: 42DF.7 CENTRAL CONSOLE | Q83: 4032 | R83: WHEELHOUSE / TIMONERIE | S83: 4032S032X01N,4032S033X02N,4032S031X14N,4032S031X22N,4032P032X13N | T83: LOCAL | U83: WK39/2024 NEW CABLE | V83: 4032S032X01N | W83: 4032P032X13N
A84: 223 | B84: 223W0002 | C84: 1 | D84: 1 | E84: 1 | G84: TC+SH 1X2X0.75 | H84: S2 | I84: 61.19 | J84: =ROUNDUP(I84,0) -> 62 | K84: (+223CB01) | L84: 223CB01 LOCK-IN ALARM BOX COLD STORE | M84: 4242 | N84: ALLEWAY / COURSIVE | O84: (+22A3) | P84: 22A3 ALARM MONITORING PANEL HYDRAULIC ROOM | Q84: 2020 | R84: HYDRAULIC PLANT / EQUIPEMENT HYDRAULIQUE | S84: 2020S051X03N,2020S051X06N,2020S049X02N,202022047S11,2030S045X01N,2030S043X02N,2030S042X01N,2030S038X01N,2030S033X01N,204022030S11,2040S029X05N,2040S027X09N,2040S027X02N,204023027S11,3040S027X07N,3040S027X03N,3040S026X08N,304034028S11,404044028P12,4242P028X04N,4242P027X06N | T84: NOT LOCAL CABLE | U84: WK03/2025/NEW CABLE R1.01 | V84: 4242P027X06N | W84: 2020S051X03N
A85: 291 | B85: 291W0004 | C85: 1 | D85: 1 | E85: 1 | G85: TC+FR+SH 1X2X0.75 | H85: S2 | I85: 20.42 | J85: =ROUNDUP(I85,0) -> 21 | K85: (+10P0.1) | L85: 10P0.1 MAIN SWITCHBOARD 400VAC CONSUMERS | M85: 2266 | N85: SWITCHBOARD ROOM / LOCAL TABLEAUX | O85: (=291++2264+-291U11) | P85: LCB EMERGENCY STOP PUMPS ER ACCESS | Q85: 2264 | R85: ENGINE ROOM ACCESS / ACCES SALLE DES MACHINES | S85: 10P0.1,226612013P17-10P0.1,1060P013X07N,1060P013X09N,226612013P11,2264P012X01N | T85: NOT LOCAL CABLE | U85: WK39/2024 NEW CABLE | V85: 10P0.1 | W85: 2264P012X01N
B86: 291W0005 | C86: 1 | D86: 1 | E86: 1 | G86: TC+FR+SH 1X2X0.75 | H86: S2 | I86: 34.68 | J86: =ROUNDUP(I86,0) -> 35 | K86: (+10P0.1) | L86: 10P0.1 MAIN SWITCHBOARD 400VAC CONSUMERS | M86: 2266 | N86: SWITCHBOARD ROOM / LOCAL TABLEAUX | O86: (=291++4070+-291U10) | P86: LCB EMERGENCY STOP BUNKERING POINT SB | Q86: 4070 | R86: POOP DECK / PONT DUNETTE | S86: 10P0.1,226612013P17-10P0.1,1060P013X27N,1060P013X19N,1060P013X22N,1060S013X03N,1060S014X02N,1060S012X02N,1060S012X16N,216512012S11,216523012S11,3163S012X06N,3163S012X04N,4070S014X01G | T86: NOT LOCAL CABLE | U86: WK39/2024 NEW CABLE | V86: 10P0.1 | W86: 4070S014X01G
B87: 291W0006 | C87: 1 | D87: 1 | E87: 1 | G87: TC+FR+SH 1X2X0.75 | H87: S2 | I87: 22.64 | J87: =ROUNDUP(I87,0) -> 23 | K87: (+10P0.1) | L87: 10P0.1 MAIN SWITCHBOARD 400VAC CONSUMERS | M87: 2266 | N87: SWITCHBOARD ROOM / LOCAL TABLEAUX | O87: (=291++1060+-291U09) | P87: LCB EMERGENCY STOP PUMPS ER ESCAPE SB | Q87: 1060 | R87: ENGINE ROOM / SALLE DES MACHINES | S87: 10P0.1,226612013P17-10P0.1,1060P013X27N,1060P013X19N,1060P013X22N,1060S013X03N,1060S014X02N,1060S015X06N,1060S015X02N,1060S016X02N | T87: NOT LOCAL CABLE | U87: WK39/2024 NEW CABLE | V87: 10P0.1 | W87: 1060S016X02N
B88: 291W0007 | C88: 1 | D88: 1 | E88: 1 | G88: TC+FR+SH 1X2X0.75 | H88: S2 | I88: 50.59 | J88: =ROUNDUP(I88,0) -> 51 | K88: (+10P0.8) | L88: 10P0.8 MAIN SWITCHBOARD 230VAC CONSUMERS | M88: 2266 | N88: SWITCHBOARD ROOM / LOCAL TABLEAUX | O88: (=291++4151+-291U08) | P88: LCB EMERGENCY STOP GALLEY ENTRANCE | Q88: 4151 | R88: MESSROOM / CARRE | S88: 4151S023X11N,4151S023X10N,304034023S11,3040S023X01N,3040S021X02N,3040S017X03N,316333015S11,3163S014X02N,3163S012X04N,3163S012X06N,216523012S11,216512012S11,1060S012X16N,1060S012X02N,1060S014X02N,1060S013X03N,1060P013X22N,1060P013X19N,1060P013X25N,1060P013X26N,226612013P12-10P0.8,10P0.8 | T88: NOT LOCAL CABLE | U88: WK03/2025/UPDATE SOURCE R1.01 | V88: 10P0.8 | W88: 4151S023X11N
B89: 291W0008 | C89: 1 | D89: 1 | E89: 1 | G89: TC+FR+SH 1X2X0.75 | H89: S2 | I89: 22.26 | J89: =ROUNDUP(I89,0) -> 23 | K89: (+10P0.1) | L89: 10P0.1 MAIN SWITCHBOARD 400VAC CONSUMERS | M89: 2266 | N89: SWITCHBOARD ROOM / LOCAL TABLEAUX | O89: (=291++4070+-291U12) | P89: LCB EMERGENCY STOP BUNKERING POINT PS | Q89: 4070 | R89: POOP DECK / PONT DUNETTE | S89: 10P0.1,226612013P17-10P0.1,1060P013X07N,1060P013X09N,226612013P11,226623013P11,4070P016X01G | T89: NOT LOCAL CABLE | U89: WK39/2024 NEW CABLE | V89: 10P0.1 | W89: 4070P016X01G
B90: 291W0010 | C90: 1 | D90: 1 | E90: 1 | G90: TC+FR+SH 2X2X0.75 | H90: S2 | I90: 56.68 | J90: =ROUNDUP(I90,0) -> 57 | K90: (+10P0.1) | L90: 10P0.1 MAIN SWITCHBOARD 400VAC CONSUMERS | M90: 2266 | N90: SWITCHBOARD ROOM / LOCAL TABLEAUX | O90: (+42DF.6) | P90: 42DF.6 SB RIGHT | Q90: 4032 | R90: WHEELHOUSE / TIMONERIE | S90: 10P0.1,226612013P17-10P0.1,1060P013X07N,1060P013X09N,226612013P11,226623013P11,3264P012X08N,3264P012X04N,3264P015X01N,3264P015X05N,304033015P11,3040P018X06N,3040P020X03N,3040P020X02N,3040P024X02N,3040P027X05N,3040S026X08N,3040S027X03N,3040S027X02N,304033030S11,4032S031X02N,4032S031X01N,4032S032X01N | T90: NOT LOCAL CABLE | U90: WK39/2024 NEW CABLE | V90: 10P0.1 | W90: 4032S032X01N
B91: 291W0011 | C91: 1 | D91: 1 | E91: 1 | G91: TC+FR+SH 2X2X0.75 | H91: S2 | I91: 54.78 | J91: =ROUNDUP(I91,0) -> 55 | K91: (+10P0.8) | L91: 10P0.8 MAIN SWITCHBOARD 230VAC CONSUMERS | M91: 2266 | N91: SWITCHBOARD ROOM / LOCAL TABLEAUX | O91: (+42DF.6) | P91: 42DF.6 SB RIGHT | Q91: 4032 | R91: WHEELHOUSE / TIMONERIE | S91: 4032S032X01N,4032S031X01N,4032S031X02N,304033030S11,3040S027X02N,3040S027X03N,3040S026X08N,3040P027X05N,3040P024X02N,3040P020X02N,3040P020X03N,3040P018X06N,304033015P11,3264P015X05N,3264P015X01N,3264P012X04N,3264P012X08N,226623013P11,226612013P11,226612013P12-10P0.8,10P0.8 | T91: NOT LOCAL CABLE | U91: WK39/2024 NEW CABLE | V91: 10P0.8 | W91: 4032S032X01N
B92: 291W0012 | C92: 1 | D92: 1 | E92: 1 | G92: TC+FR+SH 4X2X0.75 | H92: S2 | I92: 40.97 | J92: =ROUNDUP(I92,0) -> 41 | K92: (+12EP0.1) | L92: 12EP0.1 EMERGENCY SWITCHBOARD EDG 52KW / MSB TRANSFER LINE / CONSUMERS 3X400V 50HZ | M92: 4262 | N92: EMG. GENSET / GROUPE DE SECOURS | O92: (+42DF.6) | P92: 42DF.6 SB RIGHT | Q92: 4032 | R92: WHEELHOUSE / TIMONERIE | S92: 12EP0.1,326434015P11,3264P015X05N,304033015P11,3040P018X06N,3040P020X03N,3040P020X02N,3040P024X02N,3040P027X05N,3040S026X08N,3040S027X03N,3040S027X02N,304033030S11,4032S031X02N,4032S031X01N,4032S032X01N | T92: NOT LOCAL CABLE | U92: WK03/2025/UPDATE CABLE TYPE R1.01 | V92: 12EP0.1 | W92: 4032S032X01N
B93: 291W0013 | C93: 1 | D93: 1 | E93: 1 | G93: TC+FR+SH 1X2X0.75 | H93: S2 | I93: 27.09 | J93: =ROUNDUP(I93,0) -> 28 | K93: (+12EP0.1) | L93: 12EP0.1 EMERGENCY SWITCHBOARD EDG 52KW / MSB TRANSFER LINE / CONSUMERS 3X400V 50HZ | M93: 4262 | N93: EMG. GENSET / GROUPE DE SECOURS | O93: (=291++2264+-291U05) | P93: LCB EMERGENCY STOP ER FAN ER ACCESS | Q93: 2264 | R93: ENGINE ROOM ACCESS / ACCES SALLE DES MACHINES | S93: 12EP0.1,326434015P11,3264P015X01N,3264P012X04N,3264P012X08N,226623013P11,2264P012X01N | T93: NOT LOCAL CABLE | U93: WK03/2025/UPDATE SOURCE&CABLE LENGHT R1.01 | V93: 12EP0.1 | W93: 2264P012X01N
B94: 291W0014 | C94: 1 | D94: 1 | E94: 1 | G94: TC+FR+SH 1X2X0.75 | H94: S2 | I94: 37.21 | J94: =ROUNDUP(I94,0) -> 38 | K94: (+12EP0.1) | L94: 12EP0.1 EMERGENCY SWITCHBOARD EDG 52KW / MSB TRANSFER LINE / CONSUMERS 3X400V 50HZ | M94: 4262 | N94: EMG. GENSET / GROUPE DE SECOURS | O94: (=291++1060+-291U06) | P94: LCB EMERGENCY STOP ER FAN ER ESCAPE | Q94: 1060 | R94: ENGINE ROOM / SALLE DES MACHINES | S94: 12EP0.1,326434015P11,3264P015X01N,3264P012X04N,3264P012X08N,226623013P11,226612013P11,1060P013X26N,1060P013X25N,1060P013X19N,1060P013X22N,1060S013X03N,1060S014X02N,1060S015X06N,1060S015X02N,1060S016X02N | T94: NOT LOCAL CABLE | U94: WK03/2025/UPDATE SOURCE&CABLE LENGHT R1.01 | V94: 12EP0.1 | W94: 1060S016X02N
B95: 291W0015 | C95: 1 | D95: 1 | E95: 1 | G95: TC+FR+SH 1X2X0.75 | H95: S2 | I95: 34.49 | J95: =ROUNDUP(I95,0) -> 35 | K95: (+10P0.8) | L95: 10P0.8 MAIN SWITCHBOARD 230VAC CONSUMERS | M95: 2266 | N95: SWITCHBOARD ROOM / LOCAL TABLEAUX | O95: (=412++4161+-412U58) | P95: CONTROL PANEL AIR HANDLING PLANT AHU 1/AHU 2 ACCOMMODATION FAN | Q95: 4161 | R95: AIR TREATMENT / CENTR. TRAIT. AIR | S95: 4161S012X01N,4161S011X05N,416134011S11,3163S012X04N,3163S012X06N,216523012S11,216512012S11,1060S012X16N,1060S012X02N,1060S014X02N,1060S013X03N,1060P013X22N,1060P013X19N,1060P013X25N,1060P013X26N,226612013P12-10P0.8,10P0.8 | T95: NOT LOCAL CABLE | U95: WK03/2025/UPDATE SOURCE&TARGET R1.01 | V95: 10P0.8 | W95: 4161S012X01N
B96: 291W0016 | C96: 1 | D96: 1 | E96: 1 | G96: TC+SH 7X2X0.75 | H96: S2 | I96: 11.95 | J96: =ROUNDUP(I96,0) -> 12 | K96: (+10P0.1) | L96: 10P0.1 MAIN SWITCHBOARD 400VAC CONSUMERS | M96: 2266 | N96: SWITCHBOARD ROOM / LOCAL TABLEAUX | O96: (+10P0.8) | P96: 10P0.8 MAIN SWITCHBOARD 230VAC CONSUMERS | Q96: 2266 | R96: SWITCHBOARD ROOM / LOCAL TABLEAUX | S96: 10P0.1,226612013P17-10P0.1,1060P013X07N,1060P013X09N,226612013P12-10P0.8,10P0.8 | T96: LOCAL | U96: WK39/2024 NEW CABLE | V96: 10P0.1 | W96: 10P0.8
B97: 291W0017 | C97: 1 | D97: 1 | E97: 1 | G97: TC+SH 2X2X0.75 | H97: S2 | I97: 13.15 | J97: =ROUNDUP(I97,0) -> 14 | K97: (+10P0.1) | L97: 10P0.1 MAIN SWITCHBOARD 400VAC CONSUMERS | M97: 2266 | N97: SWITCHBOARD ROOM / LOCAL TABLEAUX | O97: (+40DE) | P97: 40DE SWITCHBOARD ROOM CONSOLE | Q97: 2266 | R97: SWITCHBOARD ROOM / LOCAL TABLEAUX | S97: 10P0.1,2266P012P07N,40DE | T97: LOCAL | U97: WK03/2025/UPDATE TARGET AREA R1.01 | V97: 10P0.1 | W97: 40DE
... B99: 291W0019 | C99: 1 | D99: 1 | E99: 1 | G99: TC+FR+SH 1X2X0.75 | H99: S2 | I99: 14.39 | J99: =ROUNDUP(I99,0) -> 15 | K99: (+12EP0.1) | L99: 12EP0.1 EMERGENCY SWITCHBOARD EDG 52KW / MSB TRANSFER LINE / CONSUMERS 3X400V 50HZ | M99: 4262 | N99: EMG. GENSET / GROUPE DE SECOURS | O99: (=291++4070+-291U07) | P99: LCB EMERGENCY STOP EDG ROOM DOOR | Q99: 4070 | R99: POOP DECK / PONT DUNETTE | S99: 12EP0.1,4262P015X03N,4070P012X13N | T99: NOT LOCAL CABLE | U99: WK39/2024 NEW CABLE | V99: 12EP0.1 | W99: 4070P012X13N
B100: 291W0020 | C100: 1 | D100: 1 | G100: TC+FR+SH 7X2X0.75 | H100: S2 | I100: 18.16 | J100: =ROUNDUP(I100,0) -> 19 | K100: (+42DF.6) | L100: 42DF.6 SB RIGHT | M100: 4032 | N100: WHEELHOUSE / TIMONERIE | O100: (+42DF.7) | P100: 42DF.7 CENTRAL CONSOLE | Q100: 4032 | R100: WHEELHOUSE / TIMONERIE | S100: 4032S032X01N,4032S033X02N,4032S031X14N,4032S031X22N,4032P032X13N | T100: LOCAL | U100: WK39/2024 NEW CABLE | V100: 4032S032X01N | W100: 4032P032X13N
B101: 291W0021 | C101: 1 | D101: 1 | E101: 1 | G101: TC+FR+SH 2X2X0.75 | H101: S2 | I101: 11.12 | J101: =ROUNDUP(I101,0) -> 12 | K101: (+10P0.1) | L101: 10P0.1 MAIN SWITCHBOARD 400VAC CONSUMERS | M101: 2266 | N101: SWITCHBOARD ROOM / LOCAL TABLEAUX | O101: (+10P0.7) | P101: 10P0.7 MAIN SWITCHBOARD 400VAC CONSUMERS | Q101: 2266 | R101: SWITCHBOARD ROOM / LOCAL TABLEAUX | S101: 10P0.1,226612013P17-10P0.1,1060P013X07N,1060P013X09N,226612013P19-10P0.7,10P0.7 | T101: LOCAL | U101: WK03/2025/NEW CABLE R1.01 | V101: 10P0.1 | W101: 10P0.7
...

Sheet st
A1: System | B1: Cable ID | C1: Cut | D1: Pulled | E1: Connection | F1: CWC- Megger | G1: Cable Type | H1: Segregation | I1: Design Length(m) | J1: Cable Cutting Length | K1: From Device | L1: From Device Description | M1: From Device Area | N1: From Device Area Description | O1: To Device | P1: To Device Description | Q1: To Device Area | R1: To Device Area Description | S1: Cable Route | T1: Local/Not Local Cables | U1: WK/REV.REASON | V1: From Node | W1: To Node
A2: 715 | B2: 715W0009 | C2: 1 | D2: 1 | G2: COAX RG214 | H2: S2 | I2: 29.99 | J2: =ROUNDUP(I2,0) -> 30 | K2: (+43DA) | L2: 43DA GMDSS STATION | M2: 4032 | N2: WHEELHOUSE / TIMONERIE | O2: (=715++5010+-715U13) | P2: SSAS IC-119 | Q2: 5010 | R2: TOP DECK / TOIT | S2: 4032P031X01N,4032S031X06N,4032S031X05N,404044030S11,404044028P12,4242P028X04N,5010P027X04G | T2: NOT LOCAL CABLE | U2: WK46/2025/UPDATE CABLE TYPE R1.12 | V2: 4032P031X01N | W2: 5010P027X04G
A3: 715 | B3: 715W0010 | G3: ORIGINAL CABLE | H3: S2 | I3: 5.1 | J3: =ROUNDUP(I3,0) -> 6 | K3: (+43DA) | L3: 43DA GMDSS STATION | M3: 4032 | N3: WHEELHOUSE / TIMONERIE | O3: (+43DA) | P3: 43DA GMDSS STATION | Q3: 4032 | R3: WHEELHOUSE / TIMONERIE | S3: OFF ROUTE | T3: LOCAL | U3: WK03/2025/NEW CABLE R1.01 | V3: OFF ROUTE | W3: OFF ROUTE
A4: 715 | B4: 715W0011 | C4: 1 | G4: TC+SH 4X2X0.75 | H4: S2 | I4: 5.1 | J4: =ROUNDUP(I4,0) -> 6 | K4: (+43DA) | L4: 43DA GMDSS STATION | M4: 4032 | N4: WHEELHOUSE / TIMONERIE | O4: (+43DA) | P4: 43DA GMDSS STATION | Q4: 4032 | R4: WHEELHOUSE / TIMONERIE | S4: OFF ROUTE | T4: LOCAL | U4: WK39/2024 NEW CABLE | V4: OFF ROUTE | W4: OFF ROUTE
A5: 715 | B5: 715W0012 | C5: 1 | D5: 1 | G5: TC+SH 4X2X0.75 | H5: S2 | I5: 59.7 | J5: =ROUNDUP(I5,0) -> 60 | K5: (+43DA) | L5: 43DA GMDSS STATION | M5: 4032 | N5: WHEELHOUSE / TIMONERIE | O5: (=715++3163+-715U17) | P5: SSAS BUTTON IC-307 NO 2 | Q5: 3163 | R5: CAPT CAB / CAB COMMANDANT | S5: 3163S013X02N,3163S014X02N,316333015S11,3040S017X03N,3040S021X02N,3040S023X01N,3040S026X08N,304034028S11,404044030S11,4032S031X05N,4032S031X06N,4032P031X01N | T5: NOT LOCAL CABLE | U5: WK03/2026/UPDATE CABLE TYPE R1.13 | V5: 4032P031X01N | W5: 3163S013X02N
A6: 721 | B6: 721W0001 | C6: 1 | D6: 1 | G6: C+SH 3X2.5 | H6: S1 | I6: 50.68 | J6: =ROUNDUP(I6,0) -> 51 | K6: (+10P0.8) | L6: 10P0.8 MAIN SWITCHBOARD 230VAC CONSUMERS | M6: 2266 | N6: SWITCHBOARD ROOM / LOCAL TABLEAUX | O6: (+43DA) | P6: 43DA GMDSS STATION | Q6: 4032 | R6: WHEELHOUSE / TIMONERIE | S6: 10P0.8,226612013P20-10P0.8,226612013P11,226623013P11,3264P012X08N,3264P012X04N,3264P015X01N,3264P015X05N,304033015P11,3040P018X06N,3040P020X03N,3040P020X02N,3040P024X02N,3040P027X05N,304033030P11,4032P031X01N | T6: NOT LOCAL CABLE | U6: WK39/2024 NEW CABLE | V6: 10P0.8 | W6: 4032P031X01N
A7: 721 | B7: 721W0002 | C7: 1 | D7: 1 | G7: C+SH 3X2.5 | H7: S1 | I7: 36.03 | J7: =ROUNDUP(I7,0) -> 37 | K7: (+12EP0.2) | L7: 12EP0.2 EMERGENCY SWITCHBOARD CONSUMERS 3X230V 50HZ | M7: 4262 | N7: EMG. GENSET / GROUPE DE SECOURS | O7: (+43DA) | P7: 43DA GMDSS STATION | Q7: 4032 | R7: WHEELHOUSE / TIMONERIE | S7: 12EP0.2,326434015P12,304033015P11,3040P018X06N,3040P020X03N,3040P020X02N,3040P024X02N,3040P027X05N,304033030P11,4032P031X01N | T7: NOT LOCAL CABLE | U7: WK39/2024 NEW CABLE | V7: 12EP0.2 | W7: 4032P031X01N
A8: 721 | B8: 721W0003 | C8: 1 | G8: C+SH 1X35 | H8: S1 | I8: 5.1 | J8: =ROUNDUP(I8,0) -> 6 | K8: (+43DA) | L8: 43DA GMDSS STATION | M8: 4032 | N8: WHEELHOUSE / TIMONERIE | O8: (+43DA) | P8: 43DA GMDSS STATION | Q8: 4032 | R8: WHEELHOUSE / TIMONERIE | S8: OFF ROUTE | T8: LOCAL | U8: WK39/2024 NEW CABLE | V8: OFF ROUTE | W8: OFF ROUTE
A9: 721 | B9: 721W0004 | C9: 1 | G9: C+SH 1X35 | H9: S1 | I9: 5.1 | J9: =ROUNDUP(I9,0) -> 6 | K9: (+43DA) | L9: 43DA GMDSS STATION | M9: 4032 | N9: WHEELHOUSE / TIMONERIE | O9: (+43DA) | P9: 43DA GMDSS STATION | Q9: 4032 | R9: WHEELHOUSE / TIMONERIE | S9: OFF ROUTE | T9: LOCAL | U9: WK39/2024 NEW CABLE | V9: OFF ROUTE | W9: OFF ROUTE
A10: 721 | B10: 721W0005 | C10: 1 | D10: 1 | G10: C+SH 1X35 | H10: S1 | I10: 19.41 | J10: =ROUNDUP(I10,0) -> 20 | K10: (+43DA) | L10: 43DA GMDSS STATION | M10: 4032 | N10: WHEELHOUSE / TIMONERIE | O10: (=721++5010+-721U03) | P10: GMDSS BATTERIES | Q10: 5010 | R10: TOP DECK / TOIT | S10: 4032P031X01N,4032S031X06N,4032S031X05N,4032S030X17N,4032P030X01N,5010P030X26G | T10: NOT LOCAL CABLE | U10: WK39/2024 NEW CABLE | V10: 4032P031X01N | W10: 5010P030X26G
A11: 721 | B11: 721W0006 | C11: 1 | D11: 1 | G11: C+SH 1X35 | H11: S1 | I11: 19.41 | J11: =ROUNDUP(I11,0) -> 20 | K11: (+43DA) | L11: 43DA GMDSS STATION | M11: 4032 | N11: WHEELHOUSE / TIMONERIE | O11: (=721++5010+-721U03) | P11: GMDSS BATTERIES | Q11: 5010 | R11: TOP DECK / TOIT | S11: 4032P031X01N,4032S031X06N,4032S031X05N,4032S030X17N,4032P030X01N,5010P030X31G | T11: NOT LOCAL CABLE | U11: WK39/2024 NEW CABLE | V11: 4032P031X01N | W11: 5010P030X31G
A12: 721 | B12: 721W0007 | C12: 1 | G12: TC+SH 4X2X0.75 | H12: S2 | I12: 5.1 | J12: =ROUNDUP(I12,0) -> 6 | K12: (+43DA) | L12: 43DA GMDSS STATION | M12: 4032 | N12: WHEELHOUSE / TIMONERIE | O12: (+43DA) | P12: 43DA GMDSS STATION | Q12: 4032 | R12: WHEELHOUSE / TIMONERIE | S12: OFF ROUTE | T12: LOCAL | U12: WK39/2024 NEW CABLE | V12: OFF ROUTE | W12: OFF ROUTE
A13: 721 | B13: 721W0008 | C13: 1 | G13: C+SH 2X2.5 | H13: S1 | I13: 5.1 | J13: =ROUNDUP(I13,0) -> 6 | K13: (+43DA) | L13: 43DA GMDSS STATION | M13: 4032 | N13: WHEELHOUSE / TIMONERIE | O13: (+43DA) | P13: 43DA GMDSS STATION | Q13: 4032 | R13: WHEELHOUSE / TIMONERIE | S13: OFF ROUTE | T13: LOCAL | U13: WK39/2024 NEW CABLE | V13: OFF ROUTE | W13: OFF ROUTE
A14: 721 | B14: 721W0009 | C14: 1 | G14: C+SH 2X2.5 | H14: S1 | I14: 5.1 | J14: =ROUNDUP(I14,0) -> 6 | K14: (+43DA) | L14: 43DA GMDSS STATION | M14: 4032 | N14: WHEELHOUSE / TIMONERIE | O14: (+43DA) | P14: 43DA GMDSS STATION | Q14: 4032 | R14: WHEELHOUSE / TIMONERIE | S14: OFF ROUTE | T14: LOCAL | U14: WK39/2024 NEW CABLE | V14: OFF ROUTE | W14: OFF ROUTE
A15: 721 | B15: 721W0010 | C15: 1 | G15: C+SH 2X2.5 | H15: S1 | I15: 5.1 | J15: =ROUNDUP(I15,0) -> 6 | K15: (+43DA) | L15: 43DA GMDSS STATION | M15: 4032 | N15: WHEELHOUSE / TIMONERIE | O15: (+43DA) | P15: 43DA GMDSS STATION | Q15: 4032 | R15: WHEELHOUSE / TIMONERIE | S15: OFF ROUTE | T15: LOCAL | U15: WK39/2024 NEW CABLE | V15: OFF ROUTE | W15: OFF ROUTE
A16: 721 | B16: 721W0011 | C16: 1 | G16: C+SH 2X2.5 | H16: S1 | I16: 5.1 | J16: =ROUNDUP(I16,0) -> 6 | K16: (+43DA) | L16: 43DA GMDSS STATION | M16: 4032 | N16: WHEELHOUSE / TIMONERIE | O16: (+43DA) | P16: 43DA GMDSS STATION | Q16: 4032 | R16: WHEELHOUSE / TIMONERIE | S16: OFF ROUTE | T16: LOCAL | U16: WK39/2024 NEW CABLE | V16: OFF ROUTE | W16: OFF ROUTE
A17: 721 | B17: 721W0012 | C17: 1 | D17: 1 | G17: C+SH 2X2.5 | H17: S1 | I17: 19.44 | J17: =ROUNDUP(I17,0) -> 20 | K17: (+42DF.6) | L17: 42DF.6 SB RIGHT | M17: 4032 | N17: WHEELHOUSE / TIMONERIE | O17: (+43DA) | P17: 43DA GMDSS STATION | Q17: 4032 | R17: WHEELHOUSE / TIMONERIE | S17: 4032S032X01N,4032S031X01N,4032S031X02N,4032S031X03N,4032S031X05N,4032S031X06N,4032P031X01N | T17: LOCAL | U17: WK03/2025/UPDATE CABLE TYPE R1.01 | V17: 4032S032X01N | W17: 4032P031X01N
A18: 721 | B18: 721W0013 | C18: 1 | G18: C+SH 2X2.5 | H18: S1 | I18: 5.1 | J18: =ROUNDUP(I18,0) -> 6 | K18: (+43DA) | L18: 43DA GMDSS STATION | M18: 4032 | N18: WHEELHOUSE / TIMONERIE | O18: (+43DA) | P18: 43DA GMDSS STATION | Q18: 4032 | R18: WHEELHOUSE / TIMONERIE | S18: OFF ROUTE | T18: LOCAL | U18: WK39/2024 NEW CABLE | V18: OFF ROUTE | W18: OFF ROUTE
A19: 721 | B19: 721W0014 | G19: ORIGINAL CABLE 2X | H19: S1 | I19: 5.1 | J19: =ROUNDUP(I19,0) -> 6 | K19: (+43DA) | L19: 43DA GMDSS STATION | M19: 4032 | N19: WHEELHOUSE / TIMONERIE | O19: (+43DA) | P19: 43DA GMDSS STATION | Q19: 4032 | R19: WHEELHOUSE / TIMONERIE | S19: OFF ROUTE | T19: LOCAL | U19: WK03/2025/NEW CABLE R1.01 | V19: OFF ROUTE | W19: OFF ROUTE
A20: 721 | B20: 721W0015 | C20: 1 | G20: C+SH 2X2.5 | H20: S1 | I20: 5.1 | J20: =ROUNDUP(I20,0) -> 6 | K20: (+43DA) | L20: 43DA GMDSS STATION | M20: 4032 | N20: WHEELHOUSE / TIMONERIE | O20: (+43DA) | P20: 43DA GMDSS STATION | Q20: 4032 | R20: WHEELHOUSE / TIMONERIE | S20: OFF ROUTE | T20: LOCAL | U20: WK03/2025/NEW CABLE R1.01 | V20: OFF ROUTE | W20: OFF ROUTE
A21: 721 | B21: 721W0016 | G21: ORIGINAL CABLE 2X | H21: S1 | I21: 5.1 | J21: =ROUNDUP(I21,0) -> 6 | K21: (+43DA) | L21: 43DA GMDSS STATION | M21: 4032 | N21: WHEELHOUSE / TIMONERIE | O21: (+43DA) | P21: 43DA GMDSS STATION | Q21: 4032 | R21: WHEELHOUSE / TIMONERIE | S21: OFF ROUTE | T21: LOCAL | U21: WK03/2025/NEW CABLE R1.01 | V21: OFF ROUTE | W21: OFF ROUTE
A22: 721 | B22: 721W0017 | G22: ORIGINAL CABLE 2X | H22: S1 | I22: 5.1 | J22: =ROUNDUP(I22,0) -> 6 | K22: (+43DA) | L22: 43DA GMDSS STATION | M22: 4032 | N22: WHEELHOUSE / TIMONERIE | O22: (+43DA) | P22: 43DA GMDSS STATION | Q22: 4032 | R22: WHEELHOUSE / TIMONERIE | S22: OFF ROUTE | T22: LOCAL | U22: WK03/2025/NEW CABLE R1.01 | V22: OFF ROUTE | W22: OFF ROUTE
A23: 721 | B23: 721W0018 | G23: ORIGINAL CABLE 2X | H23: S1 | I23: 5.1 | J23: =ROUNDUP(I23,0) -> 6 | K23: (+43DA) | L23: 43DA GMDSS STATION | M23: 4032 | N23: WHEELHOUSE / TIMONERIE | O23: (+43DA) | P23: 43DA GMDSS STATION | Q23: 4032 | R23: WHEELHOUSE / TIMONERIE | S23: OFF ROUTE | T23: LOCAL | U23: WK03/2025/NEW CABLE R1.01 | V23: OFF ROUTE | W23: OFF ROUTE
A24: 721 | B24: 721W0019 | G24: ORIGINAL CABLE 2X | H24: S1 | I24: 5.1 | J24: =ROUNDUP(I24,0) -> 6 | K24: (+43DA) | L24: 43DA GMDSS STATION | M24: 4032 | N24: WHEELHOUSE / TIMONERIE | O24: (+43DA) | P24: 43DA GMDSS STATION | Q24: 4032 | R24: WHEELHOUSE / TIMONERIE | S24: OFF ROUTE | T24: LOCAL | U24: WK03/2025/NEW CABLE R1.01 | V24: OFF ROUTE | W24: OFF ROUTE
A25: 721 | B25: 721W0020 | C25: 1 | G25: C+SH 2X1.5 | H25: S1 | I25: 9.69 | J25: =ROUNDUP(I25,0) -> 10 | K25: (+43DA) | L25: 43DA GMDSS STATION | M25: 4032 | N25: WHEELHOUSE / TIMONERIE | O25: (=721++4032+-721U13) | P25: EMERGENCY LIGHT | Q25: 4032 | R25: WHEELHOUSE / TIMONERIE | S25: OFF ROUTE | T25: LOCAL | U25: WK39/2024 NEW CABLE | V25: OFF ROUTE | W25: OFF ROUTE
A26: 721 | B26: 721W0021 | C26: 1 | G26: C+SH 2X2.5 | H26: S1 | I26: 5.1 | J26: =ROUNDUP(I26,0) -> 6 | K26: (+43DA) | L26: 43DA GMDSS STATION | M26: 4032 | N26: WHEELHOUSE / TIMONERIE | O26: (+43DA) | P26: 43DA GMDSS STATION | Q26: 4032 | R26: WHEELHOUSE / TIMONERIE | S26: OFF ROUTE | T26: LOCAL | U26: WK39/2024 NEW CABLE | V26: OFF ROUTE | W26: OFF ROUTE
A27: 721 | B27: 721W0022 | C27: 1 | D27: 1 | G27: C+SH 2X2.5 | H27: S1 | I27: 25.64 | J27: =ROUNDUP(I27,0) -> 26 | K27: (+43DA) | L27: 43DA GMDSS STATION | M27: 4032 | N27: WHEELHOUSE / TIMONERIE | O27: (+47CC) | P27: 47CC OVERHEAD CONSOLE | Q27: 4032 | R27: WHEELHOUSE / TIMONERIE | S27: 4032P031X01N,4032S031X06N,4032S031X05N,4032S030X17N,4032S030X19N,4032S030X11N,4032S032X06N,4032S032X09N | T27: LOCAL | U27: WK03/2025/UPDATE TARGET&CTYPE&CABLE LENGHT R1.01 | V27: 4032P031X01N | W27: 4032S032X09N
A28: 721 | B28: 721W0023 | C28: 1 | G28: C+SH 2X2.5 | H28: S1 | I28: 5.1 | J28: =ROUNDUP(I28,0) -> 6 | K28: (+43DA) | L28: 43DA GMDSS STATION | M28: 4032 | N28: WHEELHOUSE / TIMONERIE | O28: (+43DA) | P28: 43DA GMDSS STATION | Q28: 4032 | R28: WHEELHOUSE / TIMONERIE | S28: OFF ROUTE | T28: LOCAL | U28: WK03/2025/UPDATE CABLE TYPE R1.01 | V28: OFF ROUTE | W28: OFF ROUTE
A29: 721 | B29: 721W0024 | C29: 1 | D29: 1 | G29: C+SH 3X1.5 | H29: S1 | I29: 15.06 | J29: =ROUNDUP(I29,0) -> 16 | K29: (+16NA) | L29: "16NA" 230VAC NAUTICAL DISTRIBUTION PANEL | M29: 4032 | N29: WHEELHOUSE / TIMONERIE | O29: (+43DA) | P29: 43DA GMDSS STATION | Q29: 4032 | R29: WHEELHOUSE / TIMONERIE | S29: 4032S030X01N,4032S031X03N,4032S031X05N,4032S031X06N,4032P031X01N | T29: LOCAL | U29: WK39/2024 NEW CABLE | V29: 4032S030X01N | W29: 4032P031X01N
A30: 721 | B30: 721W0025 | C30: 1 | D30: 1 | G30: C+SH 3X1.5 | H30: S1 | I30: 15.06 | J30: =ROUNDUP(I30,0) -> 16 | K30: (+16NA) | L30: "16NA" 230VAC NAUTICAL DISTRIBUTION PANEL | M30: 4032 | N30: WHEELHOUSE / TIMONERIE | O30: (+43DA) | P30: 43DA GMDSS STATION | Q30: 4032 | R30: WHEELHOUSE / TIMONERIE | S30: 4032S030X01N,4032S031X03N,4032S031X05N,4032S031X06N,4032P031X01N | T30: LOCAL | U30: WK39/2024 NEW CABLE | V30: 4032S030X01N | W30: 4032P031X01N
A31: 721 | B31: 721W0028 | C31: 1 | D31: 1 | G31: COAX_RG214 | H31: S3 | I31: 44.06 | J31: =ROUNDUP(I31,0) -> 45 | K31: (+43DA) | L31: 43DA GMDSS STATION | M31: 4032 | N31: WHEELHOUSE / TIMONERIE | O31: (=721++4068+-721U21) | P31: MF/HF KUM803MWM W/R RX ANTENNA | Q31: 4068 | R31: MAST STEP / PIED DE MAT | S31: 4032P031X01N,4032S031X06N,4032S031X05N,404044030S11,414333028S11,415133024S11,4151S022X01N,4151S020X01N,4155S016X01N,4155S015X03N,4155S016X08N,5010S016X06G | T31: NOT LOCAL CABLE | U31: WK39/2024 NEW CABLE | V31: 4032P031X01N | W31: 5010S016X06G
A32: 721 | B32: 721W0029 | G32: ORIGINAL CABLE 7X | H32: S2 | I32: 41.52 | J32: =ROUNDUP(I32,0) -> 42 | K32: (+43DA) | L32: 43DA GMDSS STATION | M32: 4032 | N32: WHEELHOUSE / TIMONERIE | O32: (=721++5010+-721U20) | P32: MF/HF FURUNO AT-5075 | Q32: 5010 | R32: TOP DECK / TOIT | S32: 4032P031X01N,4032S031X06N,4032S031X05N,404044030S11,404044028P12,4242P028X04N,4242P023X01N,4258P017X01N,5010P015X05G | T32: NOT LOCAL CABLE | U32: WK39/2024 NEW CABLE | V32: 4032P031X01N | W32: 5010P015X05G
A33: 721 | B33: 721W0030 | C33: 1 | D33: 1 | G33: COAX_RG214 | H33: S3 | I33: 41.52 | J33: =ROUNDUP(I33,0) -> 42 | K33: (+43DA) | L33: 43DA GMDSS STATION | M33: 4032 | N33: WHEELHOUSE / TIMONERIE | O33: (=721++5010+-721U20) | P33: MF/HF FURUNO AT-5075 | Q33: 5010 | R33: TOP DECK / TOIT | S33: 4032P031X01N,4032S031X06N,4032S031X05N,404044030S11,404044028P12,4242P028X04N,4242P023X01N,4258P017X01N,5010P015X10G | T33: NOT LOCAL CABLE | U33: WK39/2024 NEW CABLE | V33: 4032P031X01N | W33: 5010P015X10G
A34: 721 | B34: 721W0031 | G34: ORIGINAL CABLE | H34: S2 | I34: 9.69 | J34: =ROUNDUP(I34,0) -> 10 | K34: (=721++5010+-721U20) | L34: MF/HF FURUNO AT-5075 | M34: 5010 | N34: TOP DECK / TOIT | O34: (=721++5010+-721U22) | P34: MF/HF KUM803MWM TX ANTENNA | Q34: 5010 | R34: TOP DECK / TOIT | S34: OFF ROUTE | T34: LOCAL | U34: WK39/2024 NEW CABLE | V34: OFF ROUTE | W34: OFF ROUTE
A35: 721 | B35: 721W0033 | G35: ORIGINAL CABLE | H35: S1 | I35: 5.1 | J35: =ROUNDUP(I35,0) -> 6 | K35: (+43DA) | L35: 43DA GMDSS STATION | M35: 4032 | N35: WHEELHOUSE / TIMONERIE | O35: (+43DA) | P35: 43DA GMDSS STATION | Q35: 4032 | R35: WHEELHOUSE / TIMONERIE | S35: OFF ROUTE | T35: LOCAL | U35: WK39/2024 NEW CABLE | V35: OFF ROUTE | W35: OFF ROUTE
A36: 721 | B36: 721W0034 | C36: 1 | D36: 1 | G36: TC+SH 1X2X0.75 | H36: S2 | I36: 18.83 | J36: =ROUNDUP(I36,0) -> 19 | K36: (+42DF.7) | L36: 42DF.7 CENTRAL CONSOLE | M36: 4032 | N36: WHEELHOUSE / TIMONERIE | O36: (+43DA) | P36: 43DA GMDSS STATION | Q36: 4032 | R36: WHEELHOUSE / TIMONERIE | S36: 4032P032X13N,4032S031X06N,4032P031X01N | T36: LOCAL | U36: WK39/2024 NEW CABLE | V36: 4032P032X13N | W36: 4032P031X01N
A37: 723 | B37: 723W0001 | G37: ORIGINAL CABLE | H37: S2 | I37: 5.1 | J37: =ROUNDUP(I37,0) -> 6 | K37: (+43DA) | L37: 43DA GMDSS STATION | M37: 4032 | N37: WHEELHOUSE / TIMONERIE | O37: (+43DA) | P37: 43DA GMDSS STATION | Q37: 4032 | R37: WHEELHOUSE / TIMONERIE | S37: OFF ROUTE | T37: LOCAL | U37: WK39/2024 NEW CABLE | V37: OFF ROUTE | W37: OFF ROUTE
A38: 723 | B38: 723W0002 | C38: 1 | D38: 1 | G38: COAX_LMR400 | H38: S4 | I38: 64.45 | J38: =ROUNDUP(I38,0) -> 65 | K38: (+43DA) | L38: 43DA GMDSS STATION | M38: 4032 | N38: WHEELHOUSE / TIMONERIE | O38: (=723++4068+-723U03) | P38: VHF CX - 4 - 3 DSC ANTENNA | Q38: 4068 | R38: MAST STEP / PIED DE MAT | S38: 4032P031X01N,304033030P11,3040P027X05N,3040S026X08N,3040S023X01N,304034023S11,4151S023X10N,4151S023X22N,4151S022X01N,4151S020X01N,4155S016X01N,4155S015X03N,415544015S12,4068S014X02N | T38: NOT LOCAL CABLE | U38: WK46/2025/UPDATE CABLE TYPE R1.12 | V38: 4032P031X01N | W38: 4068S014X02N
A39: 723 | B39: 723W0003 | C39: 1 | D39: 1 | G39: COAX_LMR400 | H39: S4 | I39: 65.47 | J39: =ROUNDUP(I39,0) -> 66 | K39: (+43DA) | L39: 43DA GMDSS STATION | M39: 4032 | N39: WHEELHOUSE / TIMONERIE | O39: (=723++4068+-723U04) | P39: VHF CX - 3 - 5 / 8 TX/RX ANTENNA | Q39: 4068 | R39: MAST STEP / PIED DE MAT | S39: 4032P031X01N,304033030P11,3040P027X05N,3040S026X08N,3040S023X01N,304034023S11,4151S023X10N,4151S023X22N,4151S022X01N,4151S020X01N,4155S016X01N,4155S015X03N,415544015S12,4068S014X02N | T39: NOT LOCAL CABLE | U39: WK46/2025/UPDATE CABLE TYPE R1.12 | V39: 4032P031X01N | W39: 4068S014X02N
A40: 723 | B40: 723W0006 | C40: 1 | D40: 1 | G40: COAX_LMR400 | H40: S4 | I40: 68.6 | J40: =ROUNDUP(I40,0) -> 69 | K40: (+42DF.6) | L40: 42DF.6 SB RIGHT | M40: 4032 | N40: WHEELHOUSE / TIMONERIE | O40: (=723++4068+-723U07) | P40: VHF CX - 4 - 3 DSC ANTENNA | Q40: 4068 | R40: MAST STEP / PIED DE MAT | S40: 4032S032X01N,4032S031X01N,4032S031X02N,4032S031X03N,4032S031X05N,4032S031X06N,304033030P11,3040P027X05N,3040S026X08N,3040S023X01N,304034023S11,4151S023X10N,4151S023X22N,4151S022X01N,4151S020X01N,4155S016X01N,4155S015X03N,415544015S12,4068S014X02N | T40: NOT LOCAL CABLE | U40: WK46/2025/UPDATE CABLE TYPE R1.12 | V40: 4032S032X01N | W40: 4068S014X02N
A41: 723 | B41: 723W0007 | C41: 1 | D41: 1 | G41: COAX_LMR400 | H41: S4 | I41: 69.62 | J41: =ROUNDUP(I41,0) -> 70 | K41: (+42DF.6) | L41: 42DF.6 SB RIGHT | M41: 4032 | N41: WHEELHOUSE / TIMONERIE | O41: (=723++4068+-723U08) | P41: VHF CX - 3 - 5 / 8 TX / RX ANTENNA | Q41: 4068 | R41: MAST STEP / PIED DE MAT | S41: 4032S032X01N,4032S031X01N,4032S031X02N,4032S031X03N,4032S031X05N,4032S031X06N,304033030P11,3040P027X05N,3040S026X08N,3040S023X01N,304034023S11,4151S023X10N,4151S023X22N,4151S022X01N,4151S020X01N,4155S016X01N,4155S015X03N,415544015S12,4068S014X02N | T41: NOT LOCAL CABLE | U41: WK46/2025/UPDATE CABLE TYPE R1.12 | V41: 4032S032X01N | W41: 4068S014X02N
A42: 723 | B42: 723W0008 | G42: COAX_LMR400 | H42: S4 | I42: 70.71 | J42: =ROUNDUP(I42,0) -> 71 | K42: (=723++4068+-723U11) | L42: VHF CX - 4 - 3 / TX/RX ANTENNA | M42: 4068 | N42: MAST STEP / PIED DE MAT | O42: (=723++2266+-723U10) | P42: VHF FURUNO FM-4800S NO.3 | Q42: 2266 | R42: SWITCHBOARD ROOM / LOCAL TABLEAUX | S42: 4068S014X02N,415544015S12,4155S015X03N,4155S016X01N,4151S020X01N,4256P20X06N,4256P019X08N,4256P019X04N,304034019P11,3040P019X04N,3040P018X11N,3040P017X04N,3040P017X09N,204023018P11,2040P018X01N,2040P018X22N,226622015P11,2266P012X22N | T42: NOT LOCAL CABLE | U42: WK46/2025/UPDATE CABLE TYPE R1.12 | V42: 4068S014X02N | W42: 2266P012X22N
A43: 723 | B43: 723W0009 | C43: 1 | G43: C+SH 2X1.5 | H43: S1 | I43: 5.1 | J43: =ROUNDUP(I43,0) -> 6 | K43: (+14E4) | L43: 14E4 24VDC SERVICE DISTRIBUTION PANEL | M43: 2266 | N43: SWITCHBOARD ROOM / LOCAL TABLEAUX | O43: (=723++2266+-723U12) | P43: PV12I 24V / 12V | Q43: 2266 | R43: SWITCHBOARD ROOM / LOCAL TABLEAUX | S43: OFF ROUTE | T43: LOCAL | U43: WK03/2025/NEW CABLE R1.01 | V43: OFF ROUTE | W43: OFF ROUTE
A44: 723 | B44: 723W0010 | C44: 1 | G44: C+SH 2X1.5 | H44: S1 | I44: 5.1 | J44: =ROUNDUP(I44,0) -> 6 | K44: (=723++2266+-723U12) | L44: PV12I 24V / 12V | M44: 2266 | N44: SWITCHBOARD ROOM / LOCAL TABLEAUX | O44: (=723++2266+-723U10) | P44: VHF FURUNO FM-4800S NO.3 | Q44: 2266 | R44: SWITCHBOARD ROOM / LOCAL TABLEAUX | S44: OFF ROUTE | T44: LOCAL | U44: WK03/2025/NEW CABLE R1.01 | V44: OFF ROUTE | W44: OFF ROUTE
A45: 725 | B45: 725W0001 | G45: ORIGINAL CABLE | H45: S2 | I45: 5.1 | J45: =ROUNDUP(I45,0) -> 6 | K45: (+43DA) | L45: 43DA GMDSS STATION | M45: 4032 | N45: WHEELHOUSE / TIMONERIE | O45: (+43DA) | P45: 43DA GMDSS STATION | Q45: 4032 | R45: WHEELHOUSE / TIMONERIE | S45: OFF ROUTE | T45: LOCAL | U45: WK03/2025/NEW CABLE R1.01 | V45: OFF ROUTE | W45: OFF ROUTE
A46: 725 | B46: 725W0002 | C46: 1 | D46: 1 | G46: COAX_LMR600 | H46: S4 | I46: 95.05 | J46: =ROUNDUP(I46,0) -> 96 | K46: (+43DA) | L46: 43DA GMDSS STATION | M46: 4032 | N46: WHEELHOUSE / TIMONERIE | O46: (=725++4068+-725U03) | P46: INMARSAT ANTENNA UNIT IC - 118 | Q46: 4068 | R46: MAST STEP / PIED DE MAT | S46: 4032P031X01N,304033030P11,3040P027X05N,3040S026X08N,3040S023X01N,304034023S11,4151S023X10N,4151S023X22N,4151S022X01N,4151S020X01N,4155S016X01N,4155S015X03N,415544015S12,4068S014X02N | T46: NOT LOCAL CABLE | U46: WK46/2025/UPDATE CABLE TYPE R1.12 | V46: 4032P031X01N | W46: 4068S014X02N
A47: 725 | B47: 725W0003 | G47: ORIGINAL CABLE | H47: S2 | I47: 5.1 | J47: =ROUNDUP(I47,0) -> 6 | K47: (+43DA) | L47: 43DA GMDSS STATION | M47: 4032 | N47: WHEELHOUSE / TIMONERIE | O47: (+43DA) | P47: 43DA GMDSS STATION | Q47: 4032 | R47: WHEELHOUSE / TIMONERIE | S47: OFF ROUTE | T47: LOCAL | U47: WK03/2025/NEW CABLE R1.01 | V47: OFF ROUTE | W47: OFF ROUTE
A48: 725 | B48: 725W0004 | G48: ORIGINAL CABLE | H48: S2 | I48: 5.1 | J48: =ROUNDUP(I48,0) -> 6 | K48: (+43DA) | L48: 43DA GMDSS STATION | M48: 4032 | N48: WHEELHOUSE / TIMONERIE | O48: (+43DA) | P48: 43DA GMDSS STATION | Q48: 4032 | R48: WHEELHOUSE / TIMONERIE | S48: OFF ROUTE | T48: LOCAL | U48: WK03/2025/NEW CABLE R1.01 | V48: OFF ROUTE | W48: OFF ROUTE
A49: 725 | B49: 725W0005 | G49: ORIGINAL CABLE | H49: S2 | I49: 5.1 | J49: =ROUNDUP(I49,0) -> 6 | K49: (+43DA) | L49: 43DA GMDSS STATION | M49: 4032 | N49: WHEELHOUSE / TIMONERIE | O49: (+43DA) | P49: 43DA GMDSS STATION | Q49: 4032 | R49: WHEELHOUSE / TIMONERIE | S49: OFF ROUTE | T49: LOCAL | U49: WK03/2025/NEW CABLE R1.01 | V49: OFF ROUTE | W49: OFF ROUTE
A50: 725 | B50: 725W0006 | C50: 1 | D50: 1 | G50: COAX_LMR600 | H50: S4 | I50: 95.05 | J50: =ROUNDUP(I50,0) -> 96 | K50: (+43DA) | L50: 43DA GMDSS STATION | M50: 4032 | N50: WHEELHOUSE / TIMONERIE | O50: (=725++4068+-725U08) | P50: INMARSAT ANTENNA UNIT IC-118 | Q50: 4068 | R50: MAST STEP / PIED DE MAT | S50: 4032P031X01N,304033030P11,3040P027X05N,3040S026X08N,3040S023X01N,304034023S11,4151S023X10N,4151S023X22N,4151S022X01N,4151S020X01N,4155S016X01N,4155S015X03N,415544015S12,4068S014X02N | T50: NOT LOCAL CABLE | U50: WK46/2025/UPDATE CABLE TYPE R1.12 | V50: 4032P031X01N | W50: 4068S014X02N
A51: 725 | B51: 725W0007 | G51: ORIGINAL CABLE | H51: S2 | I51: 5.1 | J51: =ROUNDUP(I51,0) -> 6 | K51: (+43DA) | L51: 43DA GMDSS STATION | M51: 4032 | N51: WHEELHOUSE / TIMONERIE | O51: (+43DA) | P51: 43DA GMDSS STATION | Q51: 4032 | R51: WHEELHOUSE / TIMONERIE | S51: OFF ROUTE | T51: LOCAL | U51: WK03/2025/NEW CABLE R1.01 | V51: OFF ROUTE | W51: OFF ROUTE
A52: 725 | B52: 725W0008 | G52: ORIGINAL CABLE | H52: S2 | I52: 5.1 | J52: =ROUNDUP(I52,0) -> 6 | K52: (+43DA) | L52: 43DA GMDSS STATION | M52: 4032 | N52: WHEELHOUSE / TIMONERIE | O52: (+43DA) | P52: 43DA GMDSS STATION | Q52: 4032 | R52: WHEELHOUSE / TIMONERIE | S52: OFF ROUTE | T52: LOCAL | U52: WK03/2025/NEW CABLE R1.01 | V52: OFF ROUTE | W52: OFF ROUTE
A53: 728 | B53: 728W0001 | C53: 1 | D53: 1 | G53: COAX_RG214 | H53: S4 | I53: 63.43 | J53: =ROUNDUP(I53,0) -> 64 | K53: (+43DA) | L53: 43DA GMDSS STATION | M53: 4032 | N53: WHEELHOUSE / TIMONERIE | O53: (=728++4068+-728U02) | P53: NAVTEX ANTENNA NX-9HE/9HJ | Q53: 4068 | R53: MAST STEP / PIED DE MAT | S53: 4032P031X01N,304033030P11,3040P027X05N,3040S026X08N,3040S023X01N,304034023S11,4151S023X10N,4151S023X22N,4151S022X01N,4151S020X01N,4155S016X01N,4155S015X03N,415544015S12,4068S014X02N | T53: NOT LOCAL CABLE | U53: WK39/2024 NEW CABLE | V53: 4032P031X01N | W53: 4068S014X02N
A54: 728 | B54: 728W0002 | G54: ORIGINAL CABLE | H54: S2 | I54: 5.1 | J54: =ROUNDUP(I54,0) -> 6 | K54: (+43DA) | L54: 43DA GMDSS STATION | M54: 4032 | N54: WHEELHOUSE / TIMONERIE | O54: (+43DA) | P54: 43DA GMDSS STATION | Q54: 4032 | R54: WHEELHOUSE / TIMONERIE | S54: OFF ROUTE | T54: LOCAL | U54: WK03/2025/NEW CABLE R1.01 | V54: OFF ROUTE | W54: OFF ROUTE
A55: 728 | B55: 728W0003 | C55: 1 | G55: C+SH 2X1.5 | H55: S1 | I55: 5.1 | J55: =ROUNDUP(I55,0) -> 6 | K55: (+43DA) | L55: 43DA GMDSS STATION | M55: 4032 | N55: WHEELHOUSE / TIMONERIE | O55: (+43DA) | P55: 43DA GMDSS STATION | Q55: 4032 | R55: WHEELHOUSE / TIMONERIE | S55: OFF ROUTE | T55: LOCAL | U55: WK03/2025/NEW CABLE R1.01 | V55: OFF ROUTE | W55: OFF ROUTE
A56: 728 | B56: 728W0004 | C56: 1 | G56: C+SH 2X1.5 | H56: S1 | I56: 5.1 | J56: =ROUNDUP(I56,0) -> 6 | K56: (+43DA) | L56: 43DA GMDSS STATION | M56: 4032 | N56: WHEELHOUSE / TIMONERIE | O56: (+43DA) | P56: 43DA GMDSS STATION | Q56: 4032 | R56: WHEELHOUSE / TIMONERIE | S56: OFF ROUTE | T56: LOCAL | U56: WK03/2025/NEW CABLE R1.01 | V56: OFF ROUTE | W56: OFF ROUTE
A57: 728 | B57: 728W0005 | C57: 1 | D57: 1 | G57: TC+SH 1X2X0.75 | H57: S2 | I57: 18.83 | J57: =ROUNDUP(I57,0) -> 19 | K57: (+42DF.7) | L57: 42DF.7 CENTRAL CONSOLE | M57: 4032 | N57: WHEELHOUSE / TIMONERIE | O57: (+43DA) | P57: 43DA GMDSS STATION | Q57: 4032 | R57: WHEELHOUSE / TIMONERIE | S57: 4032P032X13N,4032S031X06N,4032P031X01N | T57: LOCAL | U57: WK03/2025/NEW CABLE R1.01 | V57: 4032P032X13N | W57: 4032P031X01N
A58: 728 | B58: 728W0006 | C58: 1 | D58: 1 | G58: CAT7_S/FTP | H58: S2 | I58: 18.68 | J58: =ROUNDUP(I58,0) -> 19 | K58: (+42DF.2) | L58: 42DF.2 PS MIDDLE | M58: 4032 | N58: WHEELHOUSE / TIMONERIE | O58: (+43DA) | P58: 43DA GMDSS STATION | Q58: 4032 | R58: WHEELHOUSE / TIMONERIE | S58: 4032P032X11N,4032P031X03N,4032P031X01N | T58: LOCAL | U58: WK03/2025/NEW CABLE R1.01 | V58: 4032P032X11N | W58: 4032P031X01N
A59: 731 | B59: 731W0001 | G59: ORIGINAL CABLE | H59: S2 | I59: 23.83 | J59: =ROUNDUP(I59,0) -> 24 | K59: (=731++5010+-731U02) | L59: ONEWEB | M59: 5010 | N59: TOP DECK / TOIT | O59: (=731++4032+-731U01) | P59: VSAT RACK | Q59: 4032 | R59: WHEELHOUSE / TIMONERIE | S59: 5010P030X10G,4032P030X05N,4032P030X01N,4032S030X17N,4032S030X06N | T59: NOT LOCAL CABLE | U59: WK39/2024 NEW CABLE | V59: 5010P030X10G | W59: 4032S030X06N
A60: 731 | B60: 731W0002 | C60: 1 | D60: 1 | G60: C+SH 3X2.5 | H60: S1 | I60: 10.98 | J60: =ROUNDUP(I60,0) -> 11 | K60: (+16NA) | L60: "16NA" 230VAC NAUTICAL DISTRIBUTION PANEL | M60: 4032 | N60: WHEELHOUSE / TIMONERIE | O60: (=731++4032+-731U01) | P60: VSAT RACK | Q60: 4032 | R60: WHEELHOUSE / TIMONERIE | S60: 4032S030X01N,4032S031X03N,4032S031X05N,4032S030X06N | T60: LOCAL | U60: WK39/2024 NEW CABLE | V60: 4032S030X01N | W60: 4032S030X06N
A61: 731 | B61: 731W0003 | C61: 1 | D61: 1 | G61: TC+SH 1X2X0.75 | H61: S2 | I61: 16.69 | J61: =ROUNDUP(I61,0) -> 17 | K61: (+42DF.7) | L61: 42DF.7 CENTRAL CONSOLE | M61: 4032 | N61: WHEELHOUSE / TIMONERIE | O61: (=731++4032+-731U01) | P61: VSAT RACK | Q61: 4032 | R61: WHEELHOUSE / TIMONERIE | S61: 4032P032X13N,4032S031X06N,4032S031X05N,4032S030X06N | T61: LOCAL | U61: WK39/2024 NEW CABLE | V61: 4032P032X13N | W61: 4032S030X06N
A62: 731 | B62: 731W0004 | G62: ORIGINAL CABLE | H62: S2 | I62: 96.42 | J62: =ROUNDUP(I62,0) -> 97 | K62: (=731++4032+-731U01) | L62: VSAT RACK | M62: 4032 | N62: WHEELHOUSE / TIMONERIE | O62: (=731++4020+-731U03) | P62: IRIDIUM ANTENNA | Q62: 4020 | R62: FORE MAST / MAT AVANT | S62: 4020P045X01N,402055045S11,3030S033X17N,4032S033X04N,4032S031X22N,4032S031X03N,4032S031X05N,4032S030X06N | T62: NOT LOCAL CABLE | U62: WK39/2024 NEW CABLE | V62: 4032S030X06N | W62: 4020P045X01N
A63: 731 | B63: 731W0006 | C63: 1 | G63: CAT7_S/FTP | H63: S2 | I63: 59.43 | J63: =ROUNDUP(I63,0) -> 60 | K63: (=731++2266+-731U05) | L63: SOCKET VSAT NO. 5 | M63: 2266 | N63: SWITCHBOARD ROOM / LOCAL TABLEAUX | O63: (=731++4032+-731U01) | P63: VSAT RACK | Q63: 4032 | R63: WHEELHOUSE / TIMONERIE | S63: 2266P011X21N,226623013P11,3264P012X08N,3264P012X04N,3264P015X01N,3264P015X05N,304033015P11,3040P018X06N,3040P020X03N,3040P020X02N,3040P024X02N,3040P027X05N,304033030P11,4032S031X06N,4032S031X05N,4032S030X06N | T63: NOT LOCAL CABLE | U63: WK39/2024 NEW CABLE | V63: 2266P011X21N | W63: 4032S030X06N
A64: 731 | B64: 731W0007 | C64: 1 | D64: 1 | G64: CAT7_S/FTP | H64: S2 | I64: 13.23 | J64: =ROUNDUP(I64,0) -> 14 | K64: (=771++4032+-771U01) | L64: CCTV & NETWORK RACK | M64: 4032 | N64: WHEELHOUSE / TIMONERIE | O64: (=731++4032+-731U01) | P64: VSAT RACK | Q64: 4032 | R64: WHEELHOUSE / TIMONERIE | S64: 4034S030X01N,4032S031X05N,4032S030X06N | T64: LOCAL | U64: WK39/2024 NEW CABLE | V64: 4034S030X01N | W64: 4032S030X06N
A65: 731 | B65: 731W0010 | C65: 1 | D65: 1 | G65: CAT7_S/FTP | H65: S2 | I65: 37.65 | J65: =ROUNDUP(I65,0) -> 38 | K65: (=731++4258+-731U06) | L65: SOCKET VSAT NO. 2 | M65: 4258 | N65: DECK OFFICE / BUREAU DE PONT | O65: (=731++4032+-731U01) | P65: VSAT RACK | Q65: 4032 | R65: WHEELHOUSE / TIMONERIE | S65: 4258P015X02N,4258P017X01N,4242P023X01N,4242P028X04N,404044028P12,404044030S11,4032S031X05N,4032S030X06N | T65: NOT LOCAL CABLE | U65: WK39/2024 NEW CABLE | V65: 4258P015X02N | W65: 4032S030X06N
A66: 731 | B66: 731W0011 | C66: 1 | D66: 1 | G66: CAT7_S/FTP | H66: S2 | I66: 42.2 | J66: =ROUNDUP(I66,0) -> 43 | K66: (=731++3163+-731U07) | L66: SOCKET VSAT NO. 3 | M66: 3163 | N66: CAPT CAB / CAB COMMANDANT | O66: (=731++4032+-731U01) | P66: VSAT RACK | Q66: 4032 | R66: WHEELHOUSE / TIMONERIE | S66: 3163S012X04N,3163S014X02N,316333015S11,3040S017X03N,3040S021X02N,3040S023X01N,3040S027X03N,3040S027X02N,304033030S11,4032S031X03N,4032S031X05N,4032S030X06N | T66: NOT LOCAL CABLE | U66: WK39/2024 NEW CABLE | V66: 3163S012X04N | W66: 4032S030X06N
A67: 731 | B67: 731W0012 | C67: 1 | G67: CAT7_S/FTP | H67: S2 | I67: 14.79 | J67: =ROUNDUP(I67,0) -> 15 | K67: (=731++4032+-731U08) | L67: SOCKET VSAT DECK PHONE NO.1 | M67: 4032 | N67: WHEELHOUSE / TIMONERIE | O67: (=731++4032+-731U01) | P67: VSAT RACK | Q67: 4032 | R67: WHEELHOUSE / TIMONERIE | S67: OFF ROUTE | T67: LOCAL | U67: WK39/2024 NEW CABLE | V67: OFF ROUTE | W67: OFF ROUTE
A68: 731 | B68: 731W0021 | C68: 1 | D68: 1 | G68: CAT7_S/FTP | H68: S2 | I68: 54.63 | J68: =ROUNDUP(I68,0) -> 55 | K68: (=731++3264+-731U13) | L68: SOCKET VSAT PHONE NO. 4 | M68: 3264 | N68: CHIEF CAB / CHEF MECA | O68: (=731++4032+-731U01) | P68: VSAT RACK | Q68: 4032 | R68: WHEELHOUSE / TIMONERIE | S68: 3284P001X11N,3284P001X12N,3276P004X01N,3272P008X02N,3264P012X04N,3264P015X01N,3264P015X05N,304033015P11,3040P018X06N,3040P020X03N,3040P020X02N,3040P024X02N,3040P027X05N,304033030P11,4032S031X06N,4032S031X05N,4032S030X06N | T68: NOT LOCAL CABLE | U68: WK50/2025/NEW CABLE R1.13 | V68: 3284P001X11N | W68: 4032S030X06N
A69: 731 | B69: 731W0024 | G69: ORIGINAL CABLE | H69: S2 | I69: 16.21 | J69: =ROUNDUP(I69,0) -> 17 | K69: (=731++5010+-731U15) | L69: STARLINK 2 | M69: 5010 | N69: TOP DECK / TOIT | O69: (=731++4032+-731U01) | P69: VSAT RACK | Q69: 4032 | R69: WHEELHOUSE / TIMONERIE | S69: 4032P030X02N,4032P030X01N,4032S030X17N,4032S030X06N | T69: NOT LOCAL CABLE | U69: WK50/2025/NEW CABLE R1.13 | V69: 4032P030X02N | W69: 4032S030X06N
A70: 731 | B70: 731W0025 | G70: ORIGINAL CABLE | H70: S2 | I70: 16.21 | J70: =ROUNDUP(I70,0) -> 17 | K70: (=731++5010+-731U16) | L70: STARLINK 1 | M70: 5010 | N70: TOP DECK / TOIT | O70: (=731++4032+-731U01) | P70: VSAT RACK | Q70: 4032 | R70: WHEELHOUSE / TIMONERIE | S70: 4032P030X02N,4032P030X01N,4032S030X17N,4032S030X06N | T70: NOT LOCAL CABLE | U70: WK50/2025/NEW CABLE R1.13 | V70: 4032P030X02N | W70: 4032S030X06N
A71: 731 | B71: 731W0026 | C71: 1 | D71: 1 | G71: C+SH 2X2.5 | H71: S1 | I71: 12.21 | J71: =ROUNDUP(I71,0) -> 13 | K71: (+14E5) | L71: "14E5" 24VDC WHEELHOUSE DISTRIBUTION PANEL | M71: 4032 | N71: WHEELHOUSE / TIMONERIE | O71: (=731++4032+-731U01) | P71: VSAT RACK | Q71: 4032 | R71: WHEELHOUSE / TIMONERIE | S71: 4032S030X04N,4032S031X03N,4032S031X05N,4032S030X06N | T71: LOCAL | U71: WK50/2025/NEW CABLE R1.13 | V71: 4032S030X04N | W71: 4032S030X06N
A72: 731 | B72: 731W0027 | C72: 1 | D72: 1 | G72: COAX_LMR400 | H72: S2 | I72: 22.27 | J72: =ROUNDUP(I72,0) -> 23 | K72: (+43DA) | L72: 43DA GMDSS STATION | M72: 4032 | N72: WHEELHOUSE / TIMONERIE | O72: (=731++5010+-731U03.2) | P72: LT-4130 ANTENNA UNIT (LT4100 SATTELITE COMUNICATION SYSTEM) | Q72: 5010 | R72: TOP DECK / TOIT | S72: 4032P031X01N,4032S031X06N,4032S031X05N,404044030S11,414944028S11,414133028S11,5010S026X01N | T72: NOT LOCAL CABLE | U72: WK50/2025/NEW CABLE R1.13 | V72: 4032P031X01N | W72: 5010S026X01N
A73: 731 | B73: 731W0029 | C73: 1 | G73: C 2X1.5 | H73: S1 | I73: 4.08 | J73: =ROUNDUP(I73,0) -> 5 | K73: (+43DA) | L73: 43DA GMDSS STATION | M73: 4032 | N73: WHEELHOUSE / TIMONERIE | O73: (+43DA) | P73: 43DA GMDSS STATION | Q73: 4032 | R73: WHEELHOUSE / TIMONERIE | S73: OFF ROUTE | T73: LOCAL | U73: WK50/2025/CHANGED SOURCE/TARGET/CABLE TYPE R1.13 | V73: OFF ROUTE | W73: OFF ROUTE
A74: 741 | B74: 741W0003 | C74: 1 | D74: 1 | G74: C+SH 2X2.5 | H74: S1 | I74: 17.85 | J74: =ROUNDUP(I74,0) -> 18 | K74: (+14E5) | L74: "14E5" 24VDC WHEELHOUSE DISTRIBUTION PANEL | M74: 4032 | N74: WHEELHOUSE / TIMONERIE | O74: (+42DF.7) | P74: 42DF.7 CENTRAL CONSOLE | Q74: 4032 | R74: WHEELHOUSE / TIMONERIE | S74: 4032S030X04N,4032S031X03N,4032S031X05N,4032S031X06N,4032P032X13N | T74: LOCAL | U74: WK39/2024 NEW CABLE | V74: 4032S030X04N | W74: 4032P032X13N
A75: 741 | B75: 741W0007 | C75: 1 | G75: C+SH 7X1.5 | H75: S1 | I75: 14.79 | J75: =ROUNDUP(I75,0) -> 15 | K75: (+42DF.7) | L75: 42DF.7 CENTRAL CONSOLE | M75: 4032 | N75: WHEELHOUSE / TIMONERIE | O75: (=741++4032+-741U06) | P75: GYRO COMPASS 133 - 407.NG001 BEARING REPEATER PORT SIDE WING | Q75: 4032 | R75: WHEELHOUSE / TIMONERIE | S75: OFF ROUTE | T75: LOCAL | U75: WK39/2024 NEW CABLE | V75: OFF ROUTE | W75: OFF ROUTE
A76: 741 | B76: 741W0008 | C76: 1 | G76: C+SH 7X1.5 | H76: S1 | I76: 17.47 | J76: =ROUNDUP(I76,0) -> 18 | K76: (+42DF.7) | L76: 42DF.7 CENTRAL CONSOLE | M76: 4032 | N76: WHEELHOUSE / TIMONERIE | O76: (=741++4032+-741U07) | P76: GYRO COMPASS 133 - 407.NG001 BEARING REPEATER STARBOARD SIDE WING | Q76: 4032 | R76: WHEELHOUSE / TIMONERIE | S76: 4032P032X13N,4032P032X11N,4032P032X01N | T76: LOCAL | U76: WK39/2024 NEW CABLE | V76: 4032P032X13N | W76: 4032P032X01N
A77: 741 | B77: 741W0009 | C77: 1 | D77: 1 | G77: C+SH 7X1.5 | H77: S1 | I77: 61.8 | J77: =ROUNDUP(I77,0) -> 62 | K77: (+42DF.7) | L77: 42DF.7 CENTRAL CONSOLE | M77: 4032 | N77: WHEELHOUSE / TIMONERIE | O77: (=741++2080+-741U08) | P77: GYRO COMPASS 133 - 811.NG10 DIGITAL COMPASS REPEATER STEERING GEAR ROOM | Q77: 2080 | R77: STEERING ROOM / LOCAL BARRE | S77: 4032P032X13N,4032S031X06N,4032S031X05N,4032S031X03N,304033030S11,3040S027X02N,3040S027X03N,3040S023X01N,3040S021X02N,3040S017X03N,316333015S11,3163S014X02N,3163S012X04N,3163S012X06N,216523012S11,2165S012X03N,217122011S11,2171S008X01N,2173S006X01N,208022005S11,2080S003X03N | T77: NOT LOCAL CABLE | U77: WK39/2024 NEW CABLE | V77: 4032P032X13N | W77: 2080S003X03N
A78: 741 | B78: 741W0010 | C78: 1 | D78: 1 | G78: C+SH 7X1.5 | H78: S1 | I78: 25.55 | J78: =ROUNDUP(I78,0) -> 26 | K78: (+42DF.7) | L78: 42DF.7 CENTRAL CONSOLE | M78: 4032 | N78: WHEELHOUSE / TIMONERIE | O78: (+47CC) | P78: 47CC OVERHEAD CONSOLE | Q78: 4032 | R78: WHEELHOUSE / TIMONERIE | S78: 4032P032X13N,4032S031X06N,4032S031X05N,4032S031X03N,4032S030X04N,4032S030X19N,4032S030X11N,4032S032X06N,4032S032X09N | T78: LOCAL | U78: WK39/2024 NEW CABLE | V78: 4032P032X13N | W78: 4032S032X09N
A79: 741 | B79: 741W0011 | G79: C+SH 3X1.5 | H79: S1 | I79: 16.62 | J79: =ROUNDUP(I79,0) -> 17 | K79: (+16NA) | L79: "16NA" 230VAC NAUTICAL DISTRIBUTION PANEL | M79: 4032 | N79: WHEELHOUSE / TIMONERIE | O79: (+42DF.7) | P79: 42DF.7 CENTRAL CONSOLE | Q79: 4032 | R79: WHEELHOUSE / TIMONERIE | S79: 4032S030X01N,4032S031X03N,4032S031X05N,4032S031X06N,4032P032X13N | T79: LOCAL | U79: WK39/2024 NEW CABLE | V79: 4032S030X01N | W79: 4032P032X13N
A80: 742 | B80: 742W0001 | C80: 1 | D80: 1 | G80: C+SH 2X1.5 | H80: S1 | I80: 17.85 | J80: =ROUNDUP(I80,0) -> 18 | K80: (+14E5) | L80: "14E5" 24VDC WHEELHOUSE DISTRIBUTION PANEL | M80: 4032 | N80: WHEELHOUSE / TIMONERIE | O80: (+42DF.7) | P80: 42DF.7 CENTRAL CONSOLE | Q80: 4032 | R80: WHEELHOUSE / TIMONERIE | S80: 4032S030X04N,4032S031X03N,4032S031X05N,4032S031X06N,4032P032X13N | T80: LOCAL | U80: WK39/2024 NEW CABLE | V80: 4032S030X04N | W80: 4032P032X13N
A81: 742 | B81: 742W0002 | C81: 1 | D81: 1 | G81: C+SH 2X1.5 | H81: S1 | I81: 26.57 | J81: =ROUNDUP(I81,0) -> 27 | K81: (+42DF.7) | L81: 42DF.7 CENTRAL CONSOLE | M81: 4032 | N81: WHEELHOUSE / TIMONERIE | O81: (=742++4032+-742U01) | P81: MAGNETIC COMPASS LIGHT | Q81: 4032 | R81: WHEELHOUSE / TIMONERIE | S81: 4032P032X13N,4032S031X06N,4032S031X05N,4032S031X03N,4032S030X04N,4032S030X19N,4032S030X11N,4032S032X06N,4032S032X09N | T81: LOCAL | U81: WK39/2024 NEW CABLE | V81: 4032P032X13N | W81: 4032S032X09N
A82: 743 | B82: 743W0001 | G82: ORIGINAL CABLE 8X | H82: S2 | I82: 25.55 | J82: =ROUNDUP(I82,0) -> 26 | K82: (+42DF.7) | L82: 42DF.7 CENTRAL CONSOLE | M82: 4032 | N82: WHEELHOUSE / TIMONERIE | O82: (+47CC) | P82: 47CC OVERHEAD CONSOLE | Q82: 4032 | R82: WHEELHOUSE / TIMONERIE | S82: 4032P032X13N,4032S031X06N,4032S031X05N,4032S031X03N,4032S030X04N,4032S030X19N,4032S030X11N,4032S032X06N,4032S032X09N | T82: LOCAL | U82: WK03/2025/NEW CABLE R1.01 | V82: 4032P032X13N | W82: 4032S032X09N
A83: 743 | B83: 743W0002 | C83: 1 | D83: 1 | G83: TC+SH 1X2X0.75 | H83: S2 | I83: 44.12 | J83: =ROUNDUP(I83,0) -> 45 | K83: (+42DF.7) | L83: 42DF.7 CENTRAL CONSOLE | M83: 4032 | N83: WHEELHOUSE / TIMONERIE | O83: (=743++2020+-743U03) | P83: SPEED LOG FURUNO DS - 8520 | Q83: 2020 | R83: HYDRAULIC PLANT / EQUIPEMENT HYDRAULIQUE | S83: 4032P032X13N,4032S033X04N,3030S033X17N,302423044P11,203022044P11,2030P043X04N,2030S043X02N,2030S045X01N,202022047S11,2020S047X01N | T83: NOT LOCAL CABLE | U83: WK03/2025/NEW CABLE R1.01 | V83: 4032P032X13N | W83: 2020S047X01N
A84: 743 | B84: 743W0003 | C84: 1 | D84: 1 | G84: TC+SH 4X2X0.75 | H84: S2 | I84: 56.61 | J84: =ROUNDUP(I84,0) -> 57 | K84: (+42DF.7) | L84: 42DF.7 CENTRAL CONSOLE | M84: 4032 | N84: WHEELHOUSE / TIMONERIE | O84: (=743++2020+-743U03) | P84: SPEED LOG FURUNO DS - 8520 | Q84: 2020 | R84: HYDRAULIC PLANT / EQUIPEMENT HYDRAULIQUE | S84: 4032P032X13N,4032S031X06N,4032S031X05N,4032S031X03N,304033030S11,3040S027X02N,204023027S12,2040S027X12N,2040S027X09N,2040S029X05N,204022030S11,2030S033X01N,2030S038X01N,2030S042X01N,2030S043X02N,2030S045X01N,202022047S11,2020S047X01N | T84: NOT LOCAL CABLE | U84: WK03/2025/NEW CABLE R1.01 | V84: 4032P032X13N | W84: 2020S047X01N
A85: 743 | B85: 743W0004 | G85: ORIGINAL CABLE 8X | H85: S4 | I85: 30.09 | J85: =ROUNDUP(I85,0) -> 31 | K85: (=743++2020+-743U03) | L85: SPEED LOG FURUNO DS - 8520 | M85: 2020 | N85: HYDRAULIC PLANT / EQUIPEMENT HYDRAULIQUE | O85: (=743++0020+-743U04) | P85: SPEED LOG TRANSDUCER DS - 8530 - 30 | Q85: 0020 | R85: WB 2C / BALLAST 2C | S85: OFF ROUTE | T85: NOT LOCAL CABLE | U85: WK03/2025/NEW CABLE R1.01 | V85: OFF ROUTE | W85: OFF ROUTE
A86: 743 | B86: 743W0005 | G86: C+SH 3X1.5 | H86: S1 | I86: 16.64 | J86: =ROUNDUP(I86,0) -> 17 | K86: (+16NA) | L86: "16NA" 230VAC NAUTICAL DISTRIBUTION PANEL | M86: 4032 | N86: WHEELHOUSE / TIMONERIE | O86: (+42DF.7) | P86: 42DF.7 CENTRAL CONSOLE | Q86: 4032 | R86: WHEELHOUSE / TIMONERIE | S86: 4032S030X01N,4032S031X03N,4032S031X22N,4032P032X13N | T86: LOCAL | U86: WK03/2025/NEW CABLE R1.01 | V86: 4032S030X01N | W86: 4032P032X13N
A87: 743 | B87: 743W0006 | C87: 1 | D87: 1 | G87: TC+SH 1X2X0.75 | H87: S2 | I87: 15.57 | J87: =ROUNDUP(I87,0) -> 16 | K87: (+42DF.2) | L87: 42DF.2 PS MIDDLE | M87: 4032 | N87: WHEELHOUSE / TIMONERIE | O87: (+42DF.7) | P87: 42DF.7 CENTRAL CONSOLE | Q87: 4032 | R87: WHEELHOUSE / TIMONERIE | S87: 4032P032X11N,4032P032X13N | T87: LOCAL | U87: WK03/2025/NEW CABLE R1.01 | V87: 4032P032X11N | W87: 4032P032X13N
A88: 743 | B88: 743W0008 | C88: 1 | D88: 1 | G88: TC+SH 1X2X0.75 | H88: S2 | I88: 16.65 | J88: =ROUNDUP(I88,0) -> 17 | K88: (+42DF.5) | L88: 42DF.5 SB MIDDLE | M88: 4032 | N88: WHEELHOUSE / TIMONERIE | O88: (+42DF.7) | P88: 42DF.7 CENTRAL CONSOLE | Q88: 4032 | R88: WHEELHOUSE / TIMONERIE | S88: 4032S031X15N,4032S031X14N,4032S031X22N,4032P032X13N | T88: LOCAL | U88: WK03/2025/NEW CABLE R1.01 | V88: 4032S031X15N | W88: 4032P032X13N
A89: 743 | B89: 743W0009 | C89: 1 | D89: 1 | G89: C+SH 2X1.5 | H89: S1 | I89: 17.85 | J89: =ROUNDUP(I89,0) -> 18 | K89: (+14E5) | L89: "14E5" 24VDC WHEELHOUSE DISTRIBUTION PANEL | M89: 4032 | N89: WHEELHOUSE / TIMONERIE | O89: (+42DF.7) | P89: 42DF.7 CENTRAL CONSOLE | Q89: 4032 | R89: WHEELHOUSE / TIMONERIE | S89: 4032S030X04N,4032S031X03N,4032S031X05N,4032S031X06N,4032P032X13N | T89: LOCAL | U89: WK03/2025/UPDATE TARGET&CTYPE&CABLE LENGHT R1.01 | V89: 4032S030X04N | W89: 4032P032X13N
A90: 743 | B90: 743W0010 | C90: 1 | D90: 1 | G90: TC+SH 1X2X0.75 | H90: S2 | I90: 19.51 | J90: =ROUNDUP(I90,0) -> 20 | K90: (+42DF.4) | L90: 42DF.4 SB LEFT | M90: 4032 | N90: WHEELHOUSE / TIMONERIE | O90: (+42DF.7) | P90: 42DF.7 CENTRAL CONSOLE | Q90: 4032 | R90: WHEELHOUSE / TIMONERIE | S90: 4032S031X42N,4032S031X03N,4032S031X05N,4032S031X06N,4032P032X13N | T90: LOCAL | U90: WK03/2025/UPDATE SOURCE&CTYPE&CABLE LENGHT R1.01 | V90: 4032S031X42N | W90: 4032P032X13N
A91: 744 | B91: 744W0001 | C91: 1 | D91: 1 | G91: TC+SH 1X2X0.75 | H91: S2 | I91: 25.55 | J91: =ROUNDUP(I91,0) -> 26 | K91: (+42DF.7) | L91: 42DF.7 CENTRAL CONSOLE | M91: 4032 | N91: WHEELHOUSE / TIMONERIE | O91: (+47CC) | P91: 47CC OVERHEAD CONSOLE | Q91: 4032 | R91: WHEELHOUSE / TIMONERIE | S91: 4032P032X13N,4032S031X06N,4032S031X05N,4032S031X03N,4032S030X04N,4032S030X19N,4032S030X11N,4032S032X06N,4032S032X09N | T91: LOCAL | U91: WK03/2026/UPDATE CABLE TYPE R1.13 | V91: 4032P032X13N | W91: 4032S032X09N
A92: 744 | B92: 744W0002 | C92: 1 | D92: 1 | G92: TC+SH 4X2X0.75 | H92: S2 | I92: 25.55 | J92: =ROUNDUP(I92,0) -> 26 | K92: (+42DF.7) | L92: 42DF.7 CENTRAL CONSOLE | M92: 4032 | N92: WHEELHOUSE / TIMONERIE | O92: (+47CC) | P92: 47CC OVERHEAD CONSOLE | Q92: 4032 | R92: WHEELHOUSE / TIMONERIE | S92: 4032P032X13N,4032S031X06N,4032S031X05N,4032S031X03N,4032S030X04N,4032S030X19N,4032S030X11N,4032S032X06N,4032S032X09N | T92: LOCAL | U92: WK39/2024 NEW CABLE | V92: 4032P032X13N | W92: 4032S032X09N
A93: 744 | B93: 744W0003 | C93: 1 | D93: 1 | G93: TC+SH 1X2X0.75 | H93: S2 | I93: 43.22 | J93: =ROUNDUP(I93,0) -> 44 | K93: (+42DF.7) | L93: 42DF.7 CENTRAL CONSOLE | M93: 4032 | N93: WHEELHOUSE / TIMONERIE | O93: (=744++2020+-744U03) | P93: ECHOSOUNDER FURUNO MB - 502 - A | Q93: 2020 | R93: HYDRAULIC PLANT / EQUIPEMENT HYDRAULIQUE | S93: 4032P032X13N,4032S033X04N,3030S033X17N,302423044P11,203022044P11,2030P043X04N,2030P043X05N,2030P045X01N,202022047P11,2020P047X01N | T93: NOT LOCAL CABLE | U93: WK03/2026/UPDATE CABLE TYPE R1.13 | V93: 4032P032X13N | W93: 2020P047X01N
A94: 744 | B94: 744W0004 | G94: ORIGINAL CABLE 3X | H94: S4 | I94: 29.58 | J94: =ROUNDUP(I94,0) -> 30 | K94: (=744++0020+-744U04) | L94: ECHOSOUNDER ECHO SOUNDER | M94: 0020 | N94: WB 2C / BALLAST 2C | O94: (=744++2020+-744U03) | P94: ECHOSOUNDER FURUNO MB - 502 - A | Q94: 2020 | R94: HYDRAULIC PLANT / EQUIPEMENT HYDRAULIQUE | S94: OFF ROUTE | T94: NOT LOCAL CABLE | U94: WK39/2024 NEW CABLE | V94: OFF ROUTE | W94: OFF ROUTE
A95: 744 | B95: 744W0005 | G95: C+SH 3X1.5 | H95: S1 | I95: 16.62 | J95: =ROUNDUP(I95,0) -> 17 | K95: (+16NA) | L95: "16NA" 230VAC NAUTICAL DISTRIBUTION PANEL | M95: 4032 | N95: WHEELHOUSE / TIMONERIE | O95: (+42DF.7) | P95: 42DF.7 CENTRAL CONSOLE | Q95: 4032 | R95: WHEELHOUSE / TIMONERIE | S95: 4032S030X01N,4032S031X03N,4032S031X05N,4032S031X06N,4032P032X13N | T95: LOCAL | U95: WK03/2026/UPDATE CABLE TYPE R1.13 | V95: 4032S030X01N | W95: 4032P032X13N
A96: 746 | B96: 746W0001 | G96: ORIGINAL CABLE 8X | H96: S2 | I96: 29.88 | J96: =ROUNDUP(I96,0) -> 30 | K96: (=746++4020+-746U03) | L96: JUNCTION BOX | M96: 4020 | N96: FORE MAST / MAT AVANT | O96: (=746++4020+-746U02) | P96: RADAR FURUNO RSB-146 -131N | Q96: 4020 | R96: FORE MAST / MAT AVANT | S96: 4020S047X06N,402055045S11,4020P045X01N | T96: LOCAL | U96: WK03/2025/UPDATE SOURCE&CABLE LENGHT R1.01 | V96: 4020S047X06N | W96: 4020P045X01N
A97: 746 | B97: 746W0002 | C97: 1 | G97: C+SH 3X2.5 | H97: S1 | I97: 29.85 | J97: =ROUNDUP(I97,0) -> 30 | K97: (=746++4020+-746U03) | L97: JUNCTION BOX | M97: 4020 | N97: FORE MAST / MAT AVANT | O97: (=746++4020+-746U02) | P97: RADAR FURUNO RSB-146 -131N | Q97: 4020 | R97: FORE MAST / MAT AVANT | S97: 4020S047X06N,402055045S12,4020P045X01N | T97: LOCAL | U97: WK03/2025/UPDATE SOURCE&CABLE LENGHT R1.01 | V97: 4020S047X06N | W97: 4020P045X01N
A98: 746 | B98: 746W0003 | C98: 1 | D98: 1 | G98: C+SH 2X2.5 | H98: S1 | I98: 18.12 | J98: =ROUNDUP(I98,0) -> 19 | K98: (+14E5) | L98: "14E5" 24VDC WHEELHOUSE DISTRIBUTION PANEL | M98: 4032 | N98: WHEELHOUSE / TIMONERIE | O98: (+42DF.2) | P98: 42DF.2 PS MIDDLE | Q98: 4032 | R98: WHEELHOUSE / TIMONERIE | S98: 4032S030X04N,4032S031X03N,4032S031X05N,4032S031X06N,4032P032X13N,4032P032X11N | T98: LOCAL | U98: WK03/2026/UPDATE CABLE TYPE R1.13 | V98: 4032S030X04N | W98: 4032P032X11N
A99: 746 | B99: 746W0004 | C99: 1 | D99: 1 | G99: C+SH 2X2.5 | H99: S1 | I99: 18.12 | J99: =ROUNDUP(I99,0) -> 19 | K99: (+14E5) | L99: "14E5" 24VDC WHEELHOUSE DISTRIBUTION PANEL | M99: 4032 | N99: WHEELHOUSE / TIMONERIE | O99: (+42DF.2) | P99: 42DF.2 PS MIDDLE | Q99: 4032 | R99: WHEELHOUSE / TIMONERIE | S99: 4032S030X04N,4032S031X03N,4032S031X05N,4032S031X06N,4032P032X13N,4032P032X11N | T99: LOCAL | U99: WK03/2026/UPDATE CABLE TYPE R1.13 | V99: 4032S030X04N | W99: 4032P032X11N
A100: 746 | B100: 746W0005 | G100: ORIGINAL CABLE 8X | H100: S2 | I100: 29.77 | J100: =ROUNDUP(I100,0) -> 30 | K100: (=746++4020+-746U04) | L100: JUNCTION BOX | M100: 4020 | N100: FORE MAST / MAT AVANT | O100: (=746++4020+-746U01) | P100: RADAR 2 RSB-146 -131N | Q100: 4020 | R100: FORE MAST / MAT AVANT | S100: 4020P045X02N,402055045S11,4020P045X01N | T100: LOCAL | U100: WK03/2025/UPDATE SOURCE&CABLE LENGHT R1.01 | V100: 4020P045X02N | W100: 4020P045X01N
...

Sheet Consolidated
A1: Contractor | B1: System | C1: Cable ID | D1: Cut | E1: Pulled | F1: Connection | G1: CWC- Megger | H1: Cable Type | I1: Segregation | J1: Design Length(m) | K1: Cable Cutting Length | L1: From Device | M1: From Device Description | N1: From Device Area | O1: From Device Area Description | P1: To Device | Q1: To Device Description | R1: To Device Off Route Length (m) | S1: To Device Area | T1: To Device Area Description | U1: Cable Route | V1: Cable Notes | W1: Local/Not Local Cables | X1: WK/REV.REASON | Y1: From Node | Z1: To Node
A2: HDC | B2: 101.1 | C2: 101.1W0001 | D2: =IFERROR(IF($A2="HDC",IF(VLOOKUP($C2,hdc!$B$2:$F$1600,2,FALSE())="","",VLOOKUP($C2,hdc!$B$2:$F$1600,2,FALSE())),IF($A2="NAUTICS",IF(VLOOKUP($C2,nautics!$B$2:$F$1200,2,FALSE())="","",VLOOKUP($C2,nautics!$B$2:$F$1200,2,FALSE())),IF($A2="ST",IF(VLOOKUP($C2,st!$B$2:$F$400,2,FALSE())="","",VLOOKUP($C2,st!$B$2:$F$400,2,FALSE())),""))),"") -> 1 | E2: =IFERROR(IF($A2="HDC",IF(VLOOKUP($C2,hdc!$B$2:$F$1600,3,FALSE())="","",VLOOKUP($C2,hdc!$B$2:$F$1600,3,FALSE())),IF($A2="NAUTICS",IF(VLOOKUP($C2,nautics!$B$2:$F$1200,3,FALSE())="","",VLOOKUP($C2,nautics!$B$2:$F$1200,3,FALSE())),IF($A2="ST",IF(VLOOKUP($C2,st!$B$2:$F$400,3,FALSE())="","",VLOOKUP($C2,st!$B$2:$F$400,3,FALSE())),""))),"") -> 1 | F2: =IFERROR(IF($A2="HDC",IF(VLOOKUP($C2,hdc!$B$2:$F$1600,4,FALSE())="","",VLOOKUP($C2,hdc!$B$2:$F$1600,4,FALSE())),IF($A2="NAUTICS",IF(VLOOKUP($C2,nautics!$B$2:$F$1200,4,FALSE())="","",VLOOKUP($C2,nautics!$B$2:$F$1200,4,FALSE())),IF($A2="ST",IF(VLOOKUP($C2,st!$B$2:$F$400,4,FALSE())="","",VLOOKUP($C2,st!$B$2:$F$400,4,FALSE())),""))),"") -> 1 | G2: =IFERROR(IF($A2="HDC",IF(VLOOKUP($C2,hdc!$B$2:$F$1600,5,FALSE())="","",VLOOKUP($C2,hdc!$B$2:$F$1600,5,FALSE())),IF($A2="NAUTICS",IF(VLOOKUP($C2,nautics!$B$2:$F$1200,5,FALSE())="","",VLOOKUP($C2,nautics!$B$2:$F$1200,5,FALSE())),IF($A2="ST",IF(VLOOKUP($C2,st!$B$2:$F$400,5,FALSE())="","",VLOOKUP($C2,st!$B$2:$F$400,5,FALSE())),""))),"") | H2: C 3X50 | I2: S1 | J2: 17.18 | K2: =ROUNDUP(J2,0) -> 18 | L2: (+10P0.2) | M2: 10P0.2 MAIN SWITCHBOARD DIESEL GENERATOR FWD | N2: 2266 | O2: SWITCHBOARD ROOM / LOCAL TABLEAUX | P2: (=101.1++1060+-101.1U07) | Q2: DIESEL GENERATOR FORE | R2: 3 | S2: 1060 | T2: ENGINE ROOM / SALLE DES MACHINES | U2: 10P0.2,226612013P15-10P0.2,1060P013X27N,1060P013X19N,1060P014X07N,1060P014X05N,1060P013X03N,1060P012X07N | W2: NOT LOCAL CABLE | X2: WK39/2024 NEW CABLE | Y2: 10P0.2 | Z2: 1060P012X07N
A3: HDC | B3: 101.1 | C3: 101.1W0002 | D3: =IFERROR(IF($A3="HDC",IF(VLOOKUP($C3,hdc!$B$2:$F$1600,2,FALSE())="","",VLOOKUP($C3,hdc!$B$2:$F$1600,2,FALSE())),IF($A3="NAUTICS",IF(VLOOKUP($C3,nautics!$B$2:$F$1200,2,FALSE())="","",VLOOKUP($C3,nautics!$B$2:$F$1200,2,FALSE())),IF($A3="ST",IF(VLOOKUP($C3,st!$B$2:$F$400,2,FALSE())="","",VLOOKUP($C3,st!$B$2:$F$400,2,FALSE())),""))),"") -> 1 | E3: =IFERROR(IF($A3="HDC",IF(VLOOKUP($C3,hdc!$B$2:$F$1600,3,FALSE())="","",VLOOKUP($C3,hdc!$B$2:$F$1600,3,FALSE())),IF($A3="NAUTICS",IF(VLOOKUP($C3,nautics!$B$2:$F$1200,3,FALSE())="","",VLOOKUP($C3,nautics!$B$2:$F$1200,3,FALSE())),IF($A3="ST",IF(VLOOKUP($C3,st!$B$2:$F$400,3,FALSE())="","",VLOOKUP($C3,st!$B$2:$F$400,3,FALSE())),""))),"") -> 1 | F3: =IFERROR(IF($A3="HDC",IF(VLOOKUP($C3,hdc!$B$2:$F$1600,4,FALSE())="","",VLOOKUP($C3,hdc!$B$2:$F$1600,4,FALSE())),IF($A3="NAUTICS",IF(VLOOKUP($C3,nautics!$B$2:$F$1200,4,FALSE())="","",VLOOKUP($C3,nautics!$B$2:$F$1200,4,FALSE())),IF($A3="ST",IF(VLOOKUP($C3,st!$B$2:$F$400,4,FALSE())="","",VLOOKUP($C3,st!$B$2:$F$400,4,FALSE())),""))),"") -> 1 | G3: =IFERROR(IF($A3="HDC",IF(VLOOKUP($C3,hdc!$B$2:$F$1600,5,FALSE())="","",VLOOKUP($C3,hdc!$B$2:$F$1600,5,FALSE())),IF($A3="NAUTICS",IF(VLOOKUP($C3,nautics!$B$2:$F$1200,5,FALSE())="","",VLOOKUP($C3,nautics!$B$2:$F$1200,5,FALSE())),IF($A3="ST",IF(VLOOKUP($C3,st!$B$2:$F$400,5,FALSE())="","",VLOOKUP($C3,st!$B$2:$F$400,5,FALSE())),""))),"") | H3: C 3X50 | I3: S1 | J3: 17.18 | K3: =ROUNDUP(J3,0) -> 18 | L3: (+10P0.2) | M3: 10P0.2 MAIN SWITCHBOARD DIESEL GENERATOR FWD | N3: 2266 | O3: SWITCHBOARD ROOM / LOCAL TABLEAUX | P3: (=101.1++1060+-101.1U07) | Q3: DIESEL GENERATOR FORE | R3: 3 | S3: 1060 | T3: ENGINE ROOM / SALLE DES MACHINES | U3: 10P0.2,226612013P15-10P0.2,1060P013X27N,1060P013X19N,1060P014X07N,1060P014X05N,1060P013X03N,1060P012X07N | W3: NOT LOCAL CABLE | X3: WK39/2024 NEW CABLE | Y3: 10P0.2 | Z3: 1060P012X07N
A4: HDC | B4: 101.1 | C4: 101.1W0003 | D4: =IFERROR(IF($A4="HDC",IF(VLOOKUP($C4,hdc!$B$2:$F$1600,2,FALSE())="","",VLOOKUP($C4,hdc!$B$2:$F$1600,2,FALSE())),IF($A4="NAUTICS",IF(VLOOKUP($C4,nautics!$B$2:$F$1200,2,FALSE())="","",VLOOKUP($C4,nautics!$B$2:$F$1200,2,FALSE())),IF($A4="ST",IF(VLOOKUP($C4,st!$B$2:$F$400,2,FALSE())="","",VLOOKUP($C4,st!$B$2:$F$400,2,FALSE())),""))),"") -> 1 | E4: =IFERROR(IF($A4="HDC",IF(VLOOKUP($C4,hdc!$B$2:$F$1600,3,FALSE())="","",VLOOKUP($C4,hdc!$B$2:$F$1600,3,FALSE())),IF($A4="NAUTICS",IF(VLOOKUP($C4,nautics!$B$2:$F$1200,3,FALSE())="","",VLOOKUP($C4,nautics!$B$2:$F$1200,3,FALSE())),IF($A4="ST",IF(VLOOKUP($C4,st!$B$2:$F$400,3,FALSE())="","",VLOOKUP($C4,st!$B$2:$F$400,3,FALSE())),""))),"") -> 1 | F4: =IFERROR(IF($A4="HDC",IF(VLOOKUP($C4,hdc!$B$2:$F$1600,4,FALSE())="","",VLOOKUP($C4,hdc!$B$2:$F$1600,4,FALSE())),IF($A4="NAUTICS",IF(VLOOKUP($C4,nautics!$B$2:$F$1200,4,FALSE())="","",VLOOKUP($C4,nautics!$B$2:$F$1200,4,FALSE())),IF($A4="ST",IF(VLOOKUP($C4,st!$B$2:$F$400,4,FALSE())="","",VLOOKUP($C4,st!$B$2:$F$400,4,FALSE())),""))),"") -> 1 | G4: =IFERROR(IF($A4="HDC",IF(VLOOKUP($C4,hdc!$B$2:$F$1600,5,FALSE())="","",VLOOKUP($C4,hdc!$B$2:$F$1600,5,FALSE())),IF($A4="NAUTICS",IF(VLOOKUP($C4,nautics!$B$2:$F$1200,5,FALSE())="","",VLOOKUP($C4,nautics!$B$2:$F$1200,5,FALSE())),IF($A4="ST",IF(VLOOKUP($C4,st!$B$2:$F$400,5,FALSE())="","",VLOOKUP($C4,st!$B$2:$F$400,5,FALSE())),""))),"") | H4: C 3X50 | I4: S1 | J4: 17.18 | K4: =ROUNDUP(J4,0) -> 18 | L4: (+10P0.2) | M4: 10P0.2 MAIN SWITCHBOARD DIESEL GENERATOR FWD | N4: 2266 | O4: SWITCHBOARD ROOM / LOCAL TABLEAUX | P4: (=101.1++1060+-101.1U07) | Q4: DIESEL GENERATOR FORE | R4: 3 | S4: 1060 | T4: ENGINE ROOM / SALLE DES MACHINES | U4: 10P0.2,226612013P15-10P0.2,1060P013X27N,1060P013X19N,1060P014X07N,1060P014X05N,1060P013X03N,1060P012X07N | W4: NOT LOCAL CABLE | X4: WK39/2024 NEW CABLE | Y4: 10P0.2 | Z4: 1060P012X07N
A5: HDC | B5: 101.1 | C5: 101.1W0004 | D5: =IFERROR(IF($A5="HDC",IF(VLOOKUP($C5,hdc!$B$2:$F$1600,2,FALSE())="","",VLOOKUP($C5,hdc!$B$2:$F$1600,2,FALSE())),IF($A5="NAUTICS",IF(VLOOKUP($C5,nautics!$B$2:$F$1200,2,FALSE())="","",VLOOKUP($C5,nautics!$B$2:$F$1200,2,FALSE())),IF($A5="ST",IF(VLOOKUP($C5,st!$B$2:$F$400,2,FALSE())="","",VLOOKUP($C5,st!$B$2:$F$400,2,FALSE())),""))),"") -> 1 | E5: =IFERROR(IF($A5="HDC",IF(VLOOKUP($C5,hdc!$B$2:$F$1600,3,FALSE())="","",VLOOKUP($C5,hdc!$B$2:$F$1600,3,FALSE())),IF($A5="NAUTICS",IF(VLOOKUP($C5,nautics!$B$2:$F$1200,3,FALSE())="","",VLOOKUP($C5,nautics!$B$2:$F$1200,3,FALSE())),IF($A5="ST",IF(VLOOKUP($C5,st!$B$2:$F$400,3,FALSE())="","",VLOOKUP($C5,st!$B$2:$F$400,3,FALSE())),""))),"") -> 1 | F5: =IFERROR(IF($A5="HDC",IF(VLOOKUP($C5,hdc!$B$2:$F$1600,4,FALSE())="","",VLOOKUP($C5,hdc!$B$2:$F$1600,4,FALSE())),IF($A5="NAUTICS",IF(VLOOKUP($C5,nautics!$B$2:$F$1200,4,FALSE())="","",VLOOKUP($C5,nautics!$B$2:$F$1200,4,FALSE())),IF($A5="ST",IF(VLOOKUP($C5,st!$B$2:$F$400,4,FALSE())="","",VLOOKUP($C5,st!$B$2:$F$400,4,FALSE())),""))),"") -> 1 | G5: =IFERROR(IF($A5="HDC",IF(VLOOKUP($C5,hdc!$B$2:$F$1600,5,FALSE())="","",VLOOKUP($C5,hdc!$B$2:$F$1600,5,FALSE())),IF($A5="NAUTICS",IF(VLOOKUP($C5,nautics!$B$2:$F$1200,5,FALSE())="","",VLOOKUP($C5,nautics!$B$2:$F$1200,5,FALSE())),IF($A5="ST",IF(VLOOKUP($C5,st!$B$2:$F$400,5,FALSE())="","",VLOOKUP($C5,st!$B$2:$F$400,5,FALSE())),""))),"") | H5: C 3X2.5 | I5: S1 | J5: 18.07 | K5: =ROUNDUP(J5,0) -> 19 | L5: (+10P0.8) | M5: 10P0.8 MAIN SWITCHBOARD 230VAC CONSUMERS | N5: 2266 | O5: SWITCHBOARD ROOM / LOCAL TABLEAUX | P5: (=101.1++1060+-101.1U07) | Q5: DIESEL GENERATOR FORE | R5: 3 | S5: 1060 | T5: ENGINE ROOM / SALLE DES MACHINES | U5: 10P0.8,226612013P20-10P0.8,1060P013X26N,1060P013X25N,1060P013X19N,1060P014X07N,1060P014X05N,1060P013X03N,1060P012X07N | W5: NOT LOCAL CABLE | X5: WK39/2024 NEW CABLE | Y5: 10P0.8 | Z5: 1060P012X07N
A6: HDC | B6: 101.1 | C6: 101.1W0005 | D6: =IFERROR(IF($A6="HDC",IF(VLOOKUP($C6,hdc!$B$2:$F$1600,2,FALSE())="","",VLOOKUP($C6,hdc!$B$2:$F$1600,2,FALSE())),IF($A6="NAUTICS",IF(VLOOKUP($C6,nautics!$B$2:$F$1200,2,FALSE())="","",VLOOKUP($C6,nautics!$B$2:$F$1200,2,FALSE())),IF($A6="ST",IF(VLOOKUP($C6,st!$B$2:$F$400,2,FALSE())="","",VLOOKUP($C6,st!$B$2:$F$400,2,FALSE())),""))),"") -> 1 | E6: =IFERROR(IF($A6="HDC",IF(VLOOKUP($C6,hdc!$B$2:$F$1600,3,FALSE())="","",VLOOKUP($C6,hdc!$B$2:$F$1600,3,FALSE())),IF($A6="NAUTICS",IF(VLOOKUP($C6,nautics!$B$2:$F$1200,3,FALSE())="","",VLOOKUP($C6,nautics!$B$2:$F$1200,3,FALSE())),IF($A6="ST",IF(VLOOKUP($C6,st!$B$2:$F$400,3,FALSE())="","",VLOOKUP($C6,st!$B$2:$F$400,3,FALSE())),""))),"") -> 1 | F6: =IFERROR(IF($A6="HDC",IF(VLOOKUP($C6,hdc!$B$2:$F$1600,4,FALSE())="","",VLOOKUP($C6,hdc!$B$2:$F$1600,4,FALSE())),IF($A6="NAUTICS",IF(VLOOKUP($C6,nautics!$B$2:$F$1200,4,FALSE())="","",VLOOKUP($C6,nautics!$B$2:$F$1200,4,FALSE())),IF($A6="ST",IF(VLOOKUP($C6,st!$B$2:$F$400,4,FALSE())="","",VLOOKUP($C6,st!$B$2:$F$400,4,FALSE())),""))),"") -> 1 | G6: =IFERROR(IF($A6="HDC",IF(VLOOKUP($C6,hdc!$B$2:$F$1600,5,FALSE())="","",VLOOKUP($C6,hdc!$B$2:$F$1600,5,FALSE())),IF($A6="NAUTICS",IF(VLOOKUP($C6,nautics!$B$2:$F$1200,5,FALSE())="","",VLOOKUP($C6,nautics!$B$2:$F$1200,5,FALSE())),IF($A6="ST",IF(VLOOKUP($C6,st!$B$2:$F$400,5,FALSE())="","",VLOOKUP($C6,st!$B$2:$F$400,5,FALSE())),""))),"") | H6: C 3X1.5 | I6: S1 | J6: 17.18 | K6: =ROUNDUP(J6,0) -> 18 | L6: (+10P0.2) | M6: 10P0.2 MAIN SWITCHBOARD DIESEL GENERATOR FWD | N6: 2266 | O6: SWITCHBOARD ROOM / LOCAL TABLEAUX | P6: (=101.1++1060+-101.1U07) | Q6: DIESEL GENERATOR FORE | R6: 3 | S6: 1060 | T6: ENGINE ROOM / SALLE DES MACHINES | U6: 10P0.2,226612013P15-10P0.2,1060P013X27N,1060P013X19N,1060P014X07N,1060P014X05N,1060P013X03N,1060P012X07N | W6: NOT LOCAL CABLE | X6: WK39/2024 NEW CABLE | Y6: 10P0.2 | Z6: 1060P012X07N
A7: HDC | B7: 101.1 | C7: 101.1W0009 | D7: =IFERROR(IF($A7="HDC",IF(VLOOKUP($C7,hdc!$B$2:$F$1600,2,FALSE())="","",VLOOKUP($C7,hdc!$B$2:$F$1600,2,FALSE())),IF($A7="NAUTICS",IF(VLOOKUP($C7,nautics!$B$2:$F$1200,2,FALSE())="","",VLOOKUP($C7,nautics!$B$2:$F$1200,2,FALSE())),IF($A7="ST",IF(VLOOKUP($C7,st!$B$2:$F$400,2,FALSE())="","",VLOOKUP($C7,st!$B$2:$F$400,2,FALSE())),""))),"") -> 1 | E7: =IFERROR(IF($A7="HDC",IF(VLOOKUP($C7,hdc!$B$2:$F$1600,3,FALSE())="","",VLOOKUP($C7,hdc!$B$2:$F$1600,3,FALSE())),IF($A7="NAUTICS",IF(VLOOKUP($C7,nautics!$B$2:$F$1200,3,FALSE())="","",VLOOKUP($C7,nautics!$B$2:$F$1200,3,FALSE())),IF($A7="ST",IF(VLOOKUP($C7,st!$B$2:$F$400,3,FALSE())="","",VLOOKUP($C7,st!$B$2:$F$400,3,FALSE())),""))),"") | F7: =IFERROR(IF($A7="HDC",IF(VLOOKUP($C7,hdc!$B$2:$F$1600,4,FALSE())="","",VLOOKUP($C7,hdc!$B$2:$F$1600,4,FALSE())),IF($A7="NAUTICS",IF(VLOOKUP($C7,nautics!$B$2:$F$1200,4,FALSE())="","",VLOOKUP($C7,nautics!$B$2:$F$1200,4,FALSE())),IF($A7="ST",IF(VLOOKUP($C7,st!$B$2:$F$400,4,FALSE())="","",VLOOKUP($C7,st!$B$2:$F$400,4,FALSE())),""))),"") | G7: =IFERROR(IF($A7="HDC",IF(VLOOKUP($C7,hdc!$B$2:$F$1600,5,FALSE())="","",VLOOKUP($C7,hdc!$B$2:$F$1600,5,FALSE())),IF($A7="NAUTICS",IF(VLOOKUP($C7,nautics!$B$2:$F$1200,5,FALSE())="","",VLOOKUP($C7,nautics!$B$2:$F$1200,5,FALSE())),IF($A7="ST",IF(VLOOKUP($C7,st!$B$2:$F$400,5,FALSE())="","",VLOOKUP($C7,st!$B$2:$F$400,5,FALSE())),""))),"") | H7: FLEX 1X120 | I7: S1 | J7: 13.6 | K7: =ROUNDUP(J7,0) -> 14 | L7: (+14E1) | M7: "14E1" ME'S & DG'S START BATTERY COMUTATION PANEL | N7: 1060 | O7: ENGINE ROOM / SALLE DES MACHINES | P7: (=101.1++1060+-101.1U07) | Q7: DIESEL GENERATOR FORE | R7: 3 | S7: 1060 | T7: ENGINE ROOM / SALLE DES MACHINES | U7: 1060P011X07N,1060P012X01N,1060P013X03N,1060P012X07N | W7: LOCAL | X7: WK39/2024 NEW CABLE | Y7: 1060P011X07N | Z7: 1060P012X07N
A8: HDC | B8: 101.1 | C8: 101.1W0010 | D8: =IFERROR(IF($A8="HDC",IF(VLOOKUP($C8,hdc!$B$2:$F$1600,2,FALSE())="","",VLOOKUP($C8,hdc!$B$2:$F$1600,2,FALSE())),IF($A8="NAUTICS",IF(VLOOKUP($C8,nautics!$B$2:$F$1200,2,FALSE())="","",VLOOKUP($C8,nautics!$B$2:$F$1200,2,FALSE())),IF($A8="ST",IF(VLOOKUP($C8,st!$B$2:$F$400,2,FALSE())="","",VLOOKUP($C8,st!$B$2:$F$400,2,FALSE())),""))),"") -> 1 | E8: =IFERROR(IF($A8="HDC",IF(VLOOKUP($C8,hdc!$B$2:$F$1600,3,FALSE())="","",VLOOKUP($C8,hdc!$B$2:$F$1600,3,FALSE())),IF($A8="NAUTICS",IF(VLOOKUP($C8,nautics!$B$2:$F$1200,3,FALSE())="","",VLOOKUP($C8,nautics!$B$2:$F$1200,3,FALSE())),IF($A8="ST",IF(VLOOKUP($C8,st!$B$2:$F$400,3,FALSE())="","",VLOOKUP($C8,st!$B$2:$F$400,3,FALSE())),""))),"") | F8: =IFERROR(IF($A8="HDC",IF(VLOOKUP($C8,hdc!$B$2:$F$1600,4,FALSE())="","",VLOOKUP($C8,hdc!$B$2:$F$1600,4,FALSE())),IF($A8="NAUTICS",IF(VLOOKUP($C8,nautics!$B$2:$F$1200,4,FALSE())="","",VLOOKUP($C8,nautics!$B$2:$F$1200,4,FALSE())),IF($A8="ST",IF(VLOOKUP($C8,st!$B$2:$F$400,4,FALSE())="","",VLOOKUP($C8,st!$B$2:$F$400,4,FALSE())),""))),"") | G8: =IFERROR(IF($A8="HDC",IF(VLOOKUP($C8,hdc!$B$2:$F$1600,5,FALSE())="","",VLOOKUP($C8,hdc!$B$2:$F$1600,5,FALSE())),IF($A8="NAUTICS",IF(VLOOKUP($C8,nautics!$B$2:$F$1200,5,FALSE())="","",VLOOKUP($C8,nautics!$B$2:$F$1200,5,FALSE())),IF($A8="ST",IF(VLOOKUP($C8,st!$B$2:$F$400,5,FALSE())="","",VLOOKUP($C8,st!$B$2:$F$400,5,FALSE())),""))),"") | H8: FLEX 1X120 | I8: S1 | J8: 13.6 | K8: =ROUNDUP(J8,0) -> 14 | L8: (+14E1) | M8: "14E1" ME'S & DG'S START BATTERY COMUTATION PANEL | N8: 1060 | O8: ENGINE ROOM / SALLE DES MACHINES | P8: (=101.1++1060+-101.1U07) | Q8: DIESEL GENERATOR FORE | R8: 3 | S8: 1060 | T8: ENGINE ROOM / SALLE DES MACHINES | U8: 1060P011X07N,1060P012X01N,1060P013X03N,1060P012X07N | W8: LOCAL | X8: WK39/2024 NEW CABLE | Y8: 1060P011X07N | Z8: 1060P012X07N
A9: HDC | B9: 101.1 | C9: 101.1W0012 | D9: =IFERROR(IF($A9="HDC",IF(VLOOKUP($C9,hdc!$B$2:$F$1600,2,FALSE())="","",VLOOKUP($C9,hdc!$B$2:$F$1600,2,FALSE())),IF($A9="NAUTICS",IF(VLOOKUP($C9,nautics!$B$2:$F$1200,2,FALSE())="","",VLOOKUP($C9,nautics!$B$2:$F$1200,2,FALSE())),IF($A9="ST",IF(VLOOKUP($C9,st!$B$2:$F$400,2,FALSE())="","",VLOOKUP($C9,st!$B$2:$F$400,2,FALSE())),""))),"") -> 1 | E9: =IFERROR(IF($A9="HDC",IF(VLOOKUP($C9,hdc!$B$2:$F$1600,3,FALSE())="","",VLOOKUP($C9,hdc!$B$2:$F$1600,3,FALSE())),IF($A9="NAUTICS",IF(VLOOKUP($C9,nautics!$B$2:$F$1200,3,FALSE())="","",VLOOKUP($C9,nautics!$B$2:$F$1200,3,FALSE())),IF($A9="ST",IF(VLOOKUP($C9,st!$B$2:$F$400,3,FALSE())="","",VLOOKUP($C9,st!$B$2:$F$400,3,FALSE())),""))),"") | F9: =IFERROR(IF($A9="HDC",IF(VLOOKUP($C9,hdc!$B$2:$F$1600,4,FALSE())="","",VLOOKUP($C9,hdc!$B$2:$F$1600,4,FALSE())),IF($A9="NAUTICS",IF(VLOOKUP($C9,nautics!$B$2:$F$1200,4,FALSE())="","",VLOOKUP($C9,nautics!$B$2:$F$1200,4,FALSE())),IF($A9="ST",IF(VLOOKUP($C9,st!$B$2:$F$400,4,FALSE())="","",VLOOKUP($C9,st!$B$2:$F$400,4,FALSE())),""))),"") | G9: =IFERROR(IF($A9="HDC",IF(VLOOKUP($C9,hdc!$B$2:$F$1600,5,FALSE())="","",VLOOKUP($C9,hdc!$B$2:$F$1600,5,FALSE())),IF($A9="NAUTICS",IF(VLOOKUP($C9,nautics!$B$2:$F$1200,5,FALSE())="","",VLOOKUP($C9,nautics!$B$2:$F$1200,5,FALSE())),IF($A9="ST",IF(VLOOKUP($C9,st!$B$2:$F$400,5,FALSE())="","",VLOOKUP($C9,st!$B$2:$F$400,5,FALSE())),""))),"") | H9: C 2X2.5 | I9: S1 | J9: 25.17 | K9: =ROUNDUP(J9,0) -> 26 | L9: (=101.1++1060+-101.1U01) | M9: DIESEL GENERATOR FORE PANEL | N9: 1060 | O9: ENGINE ROOM / SALLE DES MACHINES | P9: (=101.1++1060+-101.1U02) | Q9: SCR PANEL DIESEL GENERATOR FORE 10610E03 | R9: 3 | S9: 1060 | T9: ENGINE ROOM / SALLE DES MACHINES | U9: 1060P012X01N,1060P014X05N,1060P014X07N,1060P013X19N,1060P013X22N,1060S013X03N,1060S014X02N,1060S012X02N,1060S012X16N,1060S012X14N,1060S012X13N | W9: LOCAL | X9: WK39/2024 NEW CABLE | Y9: 1060P012X01N | Z9: 1060S012X13N
A10: HDC | B10: 101.1 | C10: 101.1W0015 | D10: =IFERROR(IF($A10="HDC",IF(VLOOKUP($C10,hdc!$B$2:$F$1600,2,FALSE())="","",VLOOKUP($C10,hdc!$B$2:$F$1600,2,FALSE())),IF($A10="NAUTICS",IF(VLOOKUP($C10,nautics!$B$2:$F$1200,2,FALSE())="","",VLOOKUP($C10,nautics!$B$2:$F$1200,2,FALSE())),IF($A10="ST",IF(VLOOKUP($C10,st!$B$2:$F$400,2,FALSE())="","",VLOOKUP($C10,st!$B$2:$F$400,2,FALSE())),""))),"") -> 1 | E10: =IFERROR(IF($A10="HDC",IF(VLOOKUP($C10,hdc!$B$2:$F$1600,3,FALSE())="","",VLOOKUP($C10,hdc!$B$2:$F$1600,3,FALSE())),IF($A10="NAUTICS",IF(VLOOKUP($C10,nautics!$B$2:$F$1200,3,FALSE())="","",VLOOKUP($C10,nautics!$B$2:$F$1200,3,FALSE())),IF($A10="ST",IF(VLOOKUP($C10,st!$B$2:$F$400,3,FALSE())="","",VLOOKUP($C10,st!$B$2:$F$400,3,FALSE())),""))),"") | F10: =IFERROR(IF($A10="HDC",IF(VLOOKUP($C10,hdc!$B$2:$F$1600,4,FALSE())="","",VLOOKUP($C10,hdc!$B$2:$F$1600,4,FALSE())),IF($A10="NAUTICS",IF(VLOOKUP($C10,nautics!$B$2:$F$1200,4,FALSE())="","",VLOOKUP($C10,nautics!$B$2:$F$1200,4,FALSE())),IF($A10="ST",IF(VLOOKUP($C10,st!$B$2:$F$400,4,FALSE())="","",VLOOKUP($C10,st!$B$2:$F$400,4,FALSE())),""))),"") | G10: =IFERROR(IF($A10="HDC",IF(VLOOKUP($C10,hdc!$B$2:$F$1600,5,FALSE())="","",VLOOKUP($C10,hdc!$B$2:$F$1600,5,FALSE())),IF($A10="NAUTICS",IF(VLOOKUP($C10,nautics!$B$2:$F$1200,5,FALSE())="","",VLOOKUP($C10,nautics!$B$2:$F$1200,5,FALSE())),IF($A10="ST",IF(VLOOKUP($C10,st!$B$2:$F$400,5,FALSE())="","",VLOOKUP($C10,st!$B$2:$F$400,5,FALSE())),""))),"") | H10: C 2X2.5 | I10: S1 | J10: 11.12 | K10: =ROUNDUP(J10,0) -> 12 | L10: (+14E1) | M10: "14E1" ME'S & DG'S START BATTERY COMUTATION PANEL | N10: 1060 | O10: ENGINE ROOM / SALLE DES MACHINES | P10: (=101.1++1060+-101.1U01) | Q10: DIESEL GENERATOR FORE PANEL | R10: 4 | S10: 1060 | T10: ENGINE ROOM / SALLE DES MACHINES | U10: 1060P011X07N,1060P012X01N | W10: LOCAL | X10: WK39/2024 NEW CABLE | Y10: 1060P011X07N | Z10: 1060P012X01N
A11: HDC | B11: 101.1 | C11: 101.1W0016 | D11: =IFERROR(IF($A11="HDC",IF(VLOOKUP($C11,hdc!$B$2:$F$1600,2,FALSE())="","",VLOOKUP($C11,hdc!$B$2:$F$1600,2,FALSE())),IF($A11="NAUTICS",IF(VLOOKUP($C11,nautics!$B$2:$F$1200,2,FALSE())="","",VLOOKUP($C11,nautics!$B$2:$F$1200,2,FALSE())),IF($A11="ST",IF(VLOOKUP($C11,st!$B$2:$F$400,2,FALSE())="","",VLOOKUP($C11,st!$B$2:$F$400,2,FALSE())),""))),"") -> 1 | E11: =IFERROR(IF($A11="HDC",IF(VLOOKUP($C11,hdc!$B$2:$F$1600,3,FALSE())="","",VLOOKUP($C11,hdc!$B$2:$F$1600,3,FALSE())),IF($A11="NAUTICS",IF(VLOOKUP($C11,nautics!$B$2:$F$1200,3,FALSE())="","",VLOOKUP($C11,nautics!$B$2:$F$1200,3,FALSE())),IF($A11="ST",IF(VLOOKUP($C11,st!$B$2:$F$400,3,FALSE())="","",VLOOKUP($C11,st!$B$2:$F$400,3,FALSE())),""))),"") -> 1 | F11: =IFERROR(IF($A11="HDC",IF(VLOOKUP($C11,hdc!$B$2:$F$1600,4,FALSE())="","",VLOOKUP($C11,hdc!$B$2:$F$1600,4,FALSE())),IF($A11="NAUTICS",IF(VLOOKUP($C11,nautics!$B$2:$F$1200,4,FALSE())="","",VLOOKUP($C11,nautics!$B$2:$F$1200,4,FALSE())),IF($A11="ST",IF(VLOOKUP($C11,st!$B$2:$F$400,4,FALSE())="","",VLOOKUP($C11,st!$B$2:$F$400,4,FALSE())),""))),"") -> 1 | G11: =IFERROR(IF($A11="HDC",IF(VLOOKUP($C11,hdc!$B$2:$F$1600,5,FALSE())="","",VLOOKUP($C11,hdc!$B$2:$F$1600,5,FALSE())),IF($A11="NAUTICS",IF(VLOOKUP($C11,nautics!$B$2:$F$1200,5,FALSE())="","",VLOOKUP($C11,nautics!$B$2:$F$1200,5,FALSE())),IF($A11="ST",IF(VLOOKUP($C11,st!$B$2:$F$400,5,FALSE())="","",VLOOKUP($C11,st!$B$2:$F$400,5,FALSE())),""))),"") | H11: C 2X2.5 | I11: S1 | J11: 28.25 | K11: =ROUNDUP(J11,0) -> 29 | L11: (+14E4) | M11: 14E4 24VDC SERVICE DISTRIBUTION PANEL | N11: 2266 | O11: SWITCHBOARD ROOM / LOCAL TABLEAUX | P11: (=101.1++1060+-101.1U01) | Q11: DIESEL GENERATOR FORE PANEL | R11: 4 | S11: 1060 | T11: ENGINE ROOM / SALLE DES MACHINES | U11: 2266P011X21N,226612013P11,1060P013X26N,1060P013X25N,1060P013X19N,1060P014X07N,1060P014X05N,1060P012X01N | W11: NOT LOCAL CABLE | X11: WK39/2024 NEW CABLE | Y11: 2266P011X21N | Z11: 1060P012X01N
A12: HDC | B12: 101.1 | C12: 101.1W0028 | D12: =IFERROR(IF($A12="HDC",IF(VLOOKUP($C12,hdc!$B$2:$F$1600,2,FALSE())="","",VLOOKUP($C12,hdc!$B$2:$F$1600,2,FALSE())),IF($A12="NAUTICS",IF(VLOOKUP($C12,nautics!$B$2:$F$1200,2,FALSE())="","",VLOOKUP($C12,nautics!$B$2:$F$1200,2,FALSE())),IF($A12="ST",IF(VLOOKUP($C12,st!$B$2:$F$400,2,FALSE())="","",VLOOKUP($C12,st!$B$2:$F$400,2,FALSE())),""))),"") -> 1 | E12: =IFERROR(IF($A12="HDC",IF(VLOOKUP($C12,hdc!$B$2:$F$1600,3,FALSE())="","",VLOOKUP($C12,hdc!$B$2:$F$1600,3,FALSE())),IF($A12="NAUTICS",IF(VLOOKUP($C12,nautics!$B$2:$F$1200,3,FALSE())="","",VLOOKUP($C12,nautics!$B$2:$F$1200,3,FALSE())),IF($A12="ST",IF(VLOOKUP($C12,st!$B$2:$F$400,3,FALSE())="","",VLOOKUP($C12,st!$B$2:$F$400,3,FALSE())),""))),"") -> 1 | F12: =IFERROR(IF($A12="HDC",IF(VLOOKUP($C12,hdc!$B$2:$F$1600,4,FALSE())="","",VLOOKUP($C12,hdc!$B$2:$F$1600,4,FALSE())),IF($A12="NAUTICS",IF(VLOOKUP($C12,nautics!$B$2:$F$1200,4,FALSE())="","",VLOOKUP($C12,nautics!$B$2:$F$1200,4,FALSE())),IF($A12="ST",IF(VLOOKUP($C12,st!$B$2:$F$400,4,FALSE())="","",VLOOKUP($C12,st!$B$2:$F$400,4,FALSE())),""))),"") | G12: =IFERROR(IF($A12="HDC",IF(VLOOKUP($C12,hdc!$B$2:$F$1600,5,FALSE())="","",VLOOKUP($C12,hdc!$B$2:$F$1600,5,FALSE())),IF($A12="NAUTICS",IF(VLOOKUP($C12,nautics!$B$2:$F$1200,5,FALSE())="","",VLOOKUP($C12,nautics!$B$2:$F$1200,5,FALSE())),IF($A12="ST",IF(VLOOKUP($C12,st!$B$2:$F$400,5,FALSE())="","",VLOOKUP($C12,st!$B$2:$F$400,5,FALSE())),""))),"") | H12: C+FR+SH 2X1.5 | I12: S1 | J12: 82.47 | K12: =ROUNDUP(J12,0) -> 83 | L12: (+42DF.7) | M12: 42DF.7 CENTRAL CONSOLE | N12: 4032 | O12: WHEELHOUSE / TIMONERIE | P12: (=101.1++1060+-101.1U01) | Q12: DIESEL GENERATOR FORE PANEL | R12: 4 | S12: 1060 | T12: ENGINE ROOM / SALLE DES MACHINES | U12: 4032P032X13N,4032S031X49N,4032P031X36N,4032S031X06N,304033030P11,3040P027X05N,3040S026X08N,3040S027X03N,3040S027X07N,204023027S11,2040S027X02N,2040S023X01N,2040S018X01N,204022015S11,2165S015X03N,2165S012X03N,216512012S11,1060S012X16N,1060S012X02N,1060S014X02N,1060S013X03N,1060P013X22N,1060P013X19N,1060P014X07N,1060P014X05N,1060P012X01N | W12: NOT LOCAL CABLE | X12: WK39/2024 NEW CABLE | Y12: 4032P032X13N | Z12: 1060P012X01N
A13: HDC | B13: 101.1 | C13: 101.1W0029 | D13: =IFERROR(IF($A13="HDC",IF(VLOOKUP($C13,hdc!$B$2:$F$1600,2,FALSE())="","",VLOOKUP($C13,hdc!$B$2:$F$1600,2,FALSE())),IF($A13="NAUTICS",IF(VLOOKUP($C13,nautics!$B$2:$F$1200,2,FALSE())="","",VLOOKUP($C13,nautics!$B$2:$F$1200,2,FALSE())),IF($A13="ST",IF(VLOOKUP($C13,st!$B$2:$F$400,2,FALSE())="","",VLOOKUP($C13,st!$B$2:$F$400,2,FALSE())),""))),"") -> 1 | E13: =IFERROR(IF($A13="HDC",IF(VLOOKUP($C13,hdc!$B$2:$F$1600,3,FALSE())="","",VLOOKUP($C13,hdc!$B$2:$F$1600,3,FALSE())),IF($A13="NAUTICS",IF(VLOOKUP($C13,nautics!$B$2:$F$1200,3,FALSE())="","",VLOOKUP($C13,nautics!$B$2:$F$1200,3,FALSE())),IF($A13="ST",IF(VLOOKUP($C13,st!$B$2:$F$400,3,FALSE())="","",VLOOKUP($C13,st!$B$2:$F$400,3,FALSE())),""))),"") -> 1 | F13: =IFERROR(IF($A13="HDC",IF(VLOOKUP($C13,hdc!$B$2:$F$1600,4,FALSE())="","",VLOOKUP($C13,hdc!$B$2:$F$1600,4,FALSE())),IF($A13="NAUTICS",IF(VLOOKUP($C13,nautics!$B$2:$F$1200,4,FALSE())="","",VLOOKUP($C13,nautics!$B$2:$F$1200,4,FALSE())),IF($A13="ST",IF(VLOOKUP($C13,st!$B$2:$F$400,4,FALSE())="","",VLOOKUP($C13,st!$B$2:$F$400,4,FALSE())),""))),"") | G13: =IFERROR(IF($A13="HDC",IF(VLOOKUP($C13,hdc!$B$2:$F$1600,5,FALSE())="","",VLOOKUP($C13,hdc!$B$2:$F$1600,5,FALSE())),IF($A13="NAUTICS",IF(VLOOKUP($C13,nautics!$B$2:$F$1200,5,FALSE())="","",VLOOKUP($C13,nautics!$B$2:$F$1200,5,FALSE())),IF($A13="ST",IF(VLOOKUP($C13,st!$B$2:$F$400,5,FALSE())="","",VLOOKUP($C13,st!$B$2:$F$400,5,FALSE())),""))),"") | H13: C+SH 3X2.5 | I13: S1 | J13: 75.14 | K13: =ROUNDUP(J13,0) -> 76 | L13: (+42DF.7) | M13: 42DF.7 CENTRAL CONSOLE | N13: 4032 | O13: WHEELHOUSE / TIMONERIE | P13: (=101.1++1060+-101.1U01) | Q13: DIESEL GENERATOR FORE PANEL | R13: 4 | S13: 1060 | T13: ENGINE ROOM / SALLE DES MACHINES | U13: 4032P032X13N,4032S031X06N,304033030P11,3040P027X05N,3040P024X02N,3040P020X02N,3040P019X04N,3040P018X11N,3040P017X04N,3040P017X09N,204023018P11,2040P018X01N,2040P018X22N,226622015P11,227222011P11,2272P010X01N,2272P009X01N,2272P009X08N,106012011P11,1060P012X21N,1060P013X27N,1060P013X19N,1060P014X07N,1060P014X05N,1060P012X01N | W13: NOT LOCAL CABLE | X13: WK39/2024 NEW CABLE | Y13: 4032P032X13N | Z13: 1060P012X01N
... A1348: HDC | B1348: 911 | C1348: 911W0018 | D1348: =IFERROR(IF($A1348="HDC",IF(VLOOKUP($C1348,hdc!$B$2:$F$1600,2,FALSE())="","",VLOOKUP($C1348,hdc!$B$2:$F$1600,2,FALSE())),IF($A1348="NAUTICS",IF(VLOOKUP($C1348,nautics!$B$2:$F$1200,2,FALSE())="","",VLOOKUP($C1348,nautics!$B$2:$F$1200,2,FALSE())),IF($A1348="ST",IF(VLOOKUP($C1348,st!$B$2:$F$400,2,FALSE())="","",VLOOKUP($C1348,st!$B$2:$F$400,2,FALSE())),""))),"") -> 1 | E1348: =IFERROR(IF($A1348="HDC",IF(VLOOKUP($C1348,hdc!$B$2:$F$1600,3,FALSE())="","",VLOOKUP($C1348,hdc!$B$2:$F$1600,3,FALSE())),IF($A1348="NAUTICS",IF(VLOOKUP($C1348,nautics!$B$2:$F$1200,3,FALSE())="","",VLOOKUP($C1348,nautics!$B$2:$F$1200,3,FALSE())),IF($A1348="ST",IF(VLOOKUP($C1348,st!$B$2:$F$400,3,FALSE())="","",VLOOKUP($C1348,st!$B$2:$F$400,3,FALSE())),""))),"") | F1348: =IFERROR(IF($A1348="HDC",IF(VLOOKUP($C1348,hdc!$B$2:$F$1600,4,FALSE())="","",VLOOKUP($C1348,hdc!$B$2:$F$1600,4,FALSE())),IF($A1348="NAUTICS",IF(VLOOKUP($C1348,nautics!$B$2:$F$1200,4,FALSE())="","",VLOOKUP($C1348,nautics!$B$2:$F$1200,4,FALSE())),IF($A1348="ST",IF(VLOOKUP($C1348,st!$B$2:$F$400,4,FALSE())="","",VLOOKUP($C1348,st!$B$2:$F$400,4,FALSE())),""))),"") | G1348: =IFERROR(IF($A1348="HDC",IF(VLOOKUP($C1348,hdc!$B$2:$F$1600,5,FALSE())="","",VLOOKUP($C1348,hdc!$B$2:$F$1600,5,FALSE())),IF($A1348="NAUTICS",IF(VLOOKUP($C1348,nautics!$B$2:$F$1200,5,FALSE())="","",VLOOKUP($C1348,nautics!$B$2:$F$1200,5,FALSE())),IF($A1348="ST",IF(VLOOKUP($C1348,st!$B$2:$F$400,5,FALSE())="","",VLOOKUP($C1348,st!$B$2:$F$400,5,FALSE())),""))),"") | H1348: C+SH 5X1.5 | I1348: S1 | J1348: 14.31 | K1348: =ROUNDUP(J1348,0) -> 15 | L1348: (+42DF.4) | M1348: 42DF.4 SB LEFT | N1348: 4032 | O1348: WHEELHOUSE / TIMONERIE | P1348: (+42DF.6) | Q1348: 42DF.6 SB RIGHT | R1348: 5 | S1348: 4032 | T1348: WHEELHOUSE / TIMONERIE | U1348: 4032S031X42N,4032S031X22N,4032S031X14N,4032S033X02N,4032S032X01N | W1348: LOCAL | X1348: WK24/2025/NEW CABLE R1.08 | Y1348: 4032S031X42N | Z1348: 4032S032X01N
A1349: NAUTICS | B1349: 101.1 | C1349: 101.1W0008 | D1349: =IFERROR(IF($A1349="HDC",IF(VLOOKUP($C1349,hdc!$B$2:$F$1600,2,FALSE())="","",VLOOKUP($C1349,hdc!$B$2:$F$1600,2,FALSE())),IF($A1349="NAUTICS",IF(VLOOKUP($C1349,nautics!$B$2:$F$1200,2,FALSE())="","",VLOOKUP($C1349,nautics!$B$2:$F$1200,2,FALSE())),IF($A1349="ST",IF(VLOOKUP($C1349,st!$B$2:$F$400,2,FALSE())="","",VLOOKUP($C1349,st!$B$2:$F$400,2,FALSE())),""))),"") -> 1 | E1349: =IFERROR(IF($A1349="HDC",IF(VLOOKUP($C1349,hdc!$B$2:$F$1600,3,FALSE())="","",VLOOKUP($C1349,hdc!$B$2:$F$1600,3,FALSE())),IF($A1349="NAUTICS",IF(VLOOKUP($C1349,nautics!$B$2:$F$1200,3,FALSE())="","",VLOOKUP($C1349,nautics!$B$2:$F$1200,3,FALSE())),IF($A1349="ST",IF(VLOOKUP($C1349,st!$B$2:$F$400,3,FALSE())="","",VLOOKUP($C1349,st!$B$2:$F$400,3,FALSE())),""))),"") -> 1 | F1349: =IFERROR(IF($A1349="HDC",IF(VLOOKUP($C1349,hdc!$B$2:$F$1600,4,FALSE())="","",VLOOKUP($C1349,hdc!$B$2:$F$1600,4,FALSE())),IF($A1349="NAUTICS",IF(VLOOKUP($C1349,nautics!$B$2:$F$1200,4,FALSE())="","",VLOOKUP($C1349,nautics!$B$2:$F$1200,4,FALSE())),IF($A1349="ST",IF(VLOOKUP($C1349,st!$B$2:$F$400,4,FALSE())="","",VLOOKUP($C1349,st!$B$2:$F$400,4,FALSE())),""))),"") | G1349: =IFERROR(IF($A1349="HDC",IF(VLOOKUP($C1349,hdc!$B$2:$F$1600,5,FALSE())="","",VLOOKUP($C1349,hdc!$B$2:$F$1600,5,FALSE())),IF($A1349="NAUTICS",IF(VLOOKUP($C1349,nautics!$B$2:$F$1200,5,FALSE())="","",VLOOKUP($C1349,nautics!$B$2:$F$1200,5,FALSE())),IF($A1349="ST",IF(VLOOKUP($C1349,st!$B$2:$F$400,5,FALSE())="","",VLOOKUP($C1349,st!$B$2:$F$400,5,FALSE())),""))),"") | H1349: CAT7_S/FTP | I1349: S2 | J1349: 19.5 | K1349: =ROUNDUP(J1349,0) -> 20 | L1349: (+40DE) | M1349: 40DE SWITCHBOARD ROOM CONSOLE | N1349: 2266 | O1349: SWITCHBOARD ROOM / LOCAL TABLEAUX | P1349: (=101.1++1060+-101.1U01) | Q1349: DIESEL GENERATOR FORE PANEL | S1349: 1060 | T1349: ENGINE ROOM / SALLE DES MACHINES | U1349: 40DE,106012012P11-40DE,1060P012X21N,1060P013X27N,1060P013X19N,1060P014X07N,1060P014X05N,1060P012X01N | W1349: NOT LOCAL CABLE | X1349: WK39/2024 NEW CABLE | Y1349: 40DE | Z1349: 1060P012X01N
A1350: NAUTICS | C1350: 101.1W0013 | D1350: =IFERROR(IF($A1350="HDC",IF(VLOOKUP($C1350,hdc!$B$2:$F$1600,2,FALSE())="","",VLOOKUP($C1350,hdc!$B$2:$F$1600,2,FALSE())),IF($A1350="NAUTICS",IF(VLOOKUP($C1350,nautics!$B$2:$F$1200,2,FALSE())="","",VLOOKUP($C1350,nautics!$B$2:$F$1200,2,FALSE())),IF($A1350="ST",IF(VLOOKUP($C1350,st!$B$2:$F$400,2,FALSE())="","",VLOOKUP($C1350,st!$B$2:$F$400,2,FALSE())),""))),"") -> 1 | E1350: =IFERROR(IF($A1350="HDC",IF(VLOOKUP($C1350,hdc!$B$2:$F$1600,3,FALSE())="","",VLOOKUP($C1350,hdc!$B$2:$F$1600,3,FALSE())),IF($A1350="NAUTICS",IF(VLOOKUP($C1350,nautics!$B$2:$F$1200,3,FALSE())="","",VLOOKUP($C1350,nautics!$B$2:$F$1200,3,FALSE())),IF($A1350="ST",IF(VLOOKUP($C1350,st!$B$2:$F$400,3,FALSE())="","",VLOOKUP($C1350,st!$B$2:$F$400,3,FALSE())),""))),"") -> 1 | F1350: =IFERROR(IF($A1350="HDC",IF(VLOOKUP($C1350,hdc!$B$2:$F$1600,4,FALSE())="","",VLOOKUP($C1350,hdc!$B$2:$F$1600,4,FALSE())),IF($A1350="NAUTICS",IF(VLOOKUP($C1350,nautics!$B$2:$F$1200,4,FALSE())="","",VLOOKUP($C1350,nautics!$B$2:$F$1200,4,FALSE())),IF($A1350="ST",IF(VLOOKUP($C1350,st!$B$2:$F$400,4,FALSE())="","",VLOOKUP($C1350,st!$B$2:$F$400,4,FALSE())),""))),"") | G1350: =IFERROR(IF($A1350="HDC",IF(VLOOKUP($C1350,hdc!$B$2:$F$1600,5,FALSE())="","",VLOOKUP($C1350,hdc!$B$2:$F$1600,5,FALSE())),IF($A1350="NAUTICS",IF(VLOOKUP($C1350,nautics!$B$2:$F$1200,5,FALSE())="","",VLOOKUP($C1350,nautics!$B$2:$F$1200,5,FALSE())),IF($A1350="ST",IF(VLOOKUP($C1350,st!$B$2:$F$400,5,FALSE())="","",VLOOKUP($C1350,st!$B$2:$F$400,5,FALSE())),""))),"") | H1350: C+SH 12X1.5 | I1350: S1 | J1350: 25.17 | K1350: =ROUNDUP(J1350,0) -> 26 | L1350: (=101.1++1060+-101.1U01) | M1350: DIESEL GENERATOR FORE PANEL | N1350: 1060 | O1350: ENGINE ROOM / SALLE DES MACHINES | P1350: (=101.1++1060+-101.1U02) | Q1350: SCR PANEL DIESEL GENERATOR FORE 10610E03 | S1350: 1060 | T1350: ENGINE ROOM / SALLE DES MACHINES | U1350: 1060P012X01N,1060P014X05N,1060P014X07N,1060P013X19N,1060P013X22N,1060S013X03N,1060S014X02N,1060S012X02N,1060S012X16N,1060S012X14N,1060S012X13N | W1350: LOCAL | X1350: WK39/2024 NEW CABLE | Y1350: 1060P012X01N | Z1350: 1060S012X13N
A1351: NAUTICS | C1351: 101.1W0014 | D1351: =IFERROR(IF($A1351="HDC",IF(VLOOKUP($C1351,hdc!$B$2:$F$1600,2,FALSE())="","",VLOOKUP($C1351,hdc!$B$2:$F$1600,2,FALSE())),IF($A1351="NAUTICS",IF(VLOOKUP($C1351,nautics!$B$2:$F$1200,2,FALSE())="","",VLOOKUP($C1351,nautics!$B$2:$F$1200,2,FALSE())),IF($A1351="ST",IF(VLOOKUP($C1351,st!$B$2:$F$400,2,FALSE())="","",VLOOKUP($C1351,st!$B$2:$F$400,2,FALSE())),""))),"") -> 1 | E1351: =IFERROR(IF($A1351="HDC",IF(VLOOKUP($C1351,hdc!$B$2:$F$1600,3,FALSE())="","",VLOOKUP($C1351,hdc!$B$2:$F$1600,3,FALSE())),IF($A1351="NAUTICS",IF(VLOOKUP($C1351,nautics!$B$2:$F$1200,3,FALSE())="","",VLOOKUP($C1351,nautics!$B$2:$F$1200,3,FALSE())),IF($A1351="ST",IF(VLOOKUP($C1351,st!$B$2:$F$400,3,FALSE())="","",VLOOKUP($C1351,st!$B$2:$F$400,3,FALSE())),""))),"") -> 1 | F1351: =IFERROR(IF($A1351="HDC",IF(VLOOKUP($C1351,hdc!$B$2:$F$1600,4,FALSE())="","",VLOOKUP($C1351,hdc!$B$2:$F$1600,4,FALSE())),IF($A1351="NAUTICS",IF(VLOOKUP($C1351,nautics!$B$2:$F$1200,4,FALSE())="","",VLOOKUP($C1351,nautics!$B$2:$F$1200,4,FALSE())),IF($A1351="ST",IF(VLOOKUP($C1351,st!$B$2:$F$400,4,FALSE())="","",VLOOKUP($C1351,st!$B$2:$F$400,4,FALSE())),""))),"") | G1351: =IFERROR(IF($A1351="HDC",IF(VLOOKUP($C1351,hdc!$B$2:$F$1600,5,FALSE())="","",VLOOKUP($C1351,hdc!$B$2:$F$1600,5,FALSE())),IF($A1351="NAUTICS",IF(VLOOKUP($C1351,nautics!$B$2:$F$1200,5,FALSE())="","",VLOOKUP($C1351,nautics!$B$2:$F$1200,5,FALSE())),IF($A1351="ST",IF(VLOOKUP($C1351,st!$B$2:$F$400,5,FALSE())="","",VLOOKUP($C1351,st!$B$2:$F$400,5,FALSE())),""))),"") | H1351: TC+SH 1X2X0.75 | I1351: S2 | J1351: 25.17 | K1351: =ROUNDUP(J1351,0) -> 26 | L1351: (=101.1++1060+-101.1U01) | M1351: DIESEL GENERATOR FORE PANEL | N1351: 1060 | O1351: ENGINE ROOM / SALLE DES MACHINES | P1351: (=101.1++1060+-101.1U02) | Q1351: SCR PANEL DIESEL GENERATOR FORE 10610E03 | S1351: 1060 | T1351: ENGINE ROOM / SALLE DES MACHINES | U1351: 1060P012X01N,1060P014X05N,1060P014X07N,1060P013X19N,1060P013X22N,1060S013X03N,1060S014X02N,1060S012X02N,1060S012X16N,1060S012X14N,1060S012X13N | W1351: LOCAL | X1351: WK39/2024 NEW CABLE | Y1351: 1060P012X01N | Z1351: 1060S012X13N
A1352: NAUTICS | C1352: 101.1W0017 | D1352: =IFERROR(IF($A1352="HDC",IF(VLOOKUP($C1352,hdc!$B$2:$F$1600,2,FALSE())="","",VLOOKUP($C1352,hdc!$B$2:$F$1600,2,FALSE())),IF($A1352="NAUTICS",IF(VLOOKUP($C1352,nautics!$B$2:$F$1200,2,FALSE())="","",VLOOKUP($C1352,nautics!$B$2:$F$1200,2,FALSE())),IF($A1352="ST",IF(VLOOKUP($C1352,st!$B$2:$F$400,2,FALSE())="","",VLOOKUP($C1352,st!$B$2:$F$400,2,FALSE())),""))),"") | E1352: =IFERROR(IF($A1352="HDC",IF(VLOOKUP($C1352,hdc!$B$2:$F$1600,3,FALSE())="","",VLOOKUP($C1352,hdc!$B$2:$F$1600,3,FALSE())),IF($A1352="NAUTICS",IF(VLOOKUP($C1352,nautics!$B$2:$F$1200,3,FALSE())="","",VLOOKUP($C1352,nautics!$B$2:$F$1200,3,FALSE())),IF($A1352="ST",IF(VLOOKUP($C1352,st!$B$2:$F$400,3,FALSE())="","",VLOOKUP($C1352,st!$B$2:$F$400,3,FALSE())),""))),"") | F1352: =IFERROR(IF($A1352="HDC",IF(VLOOKUP($C1352,hdc!$B$2:$F$1600,4,FALSE())="","",VLOOKUP($C1352,hdc!$B$2:$F$1600,4,FALSE())),IF($A1352="NAUTICS",IF(VLOOKUP($C1352,nautics!$B$2:$F$1200,4,FALSE())="","",VLOOKUP($C1352,nautics!$B$2:$F$1200,4,FALSE())),IF($A1352="ST",IF(VLOOKUP($C1352,st!$B$2:$F$400,4,FALSE())="","",VLOOKUP($C1352,st!$B$2:$F$400,4,FALSE())),""))),"") | G1352: =IFERROR(IF($A1352="HDC",IF(VLOOKUP($C1352,hdc!$B$2:$F$1600,5,FALSE())="","",VLOOKUP($C1352,hdc!$B$2:$F$1600,5,FALSE())),IF($A1352="NAUTICS",IF(VLOOKUP($C1352,nautics!$B$2:$F$1200,5,FALSE())="","",VLOOKUP($C1352,nautics!$B$2:$F$1200,5,FALSE())),IF($A1352="ST",IF(VLOOKUP($C1352,st!$B$2:$F$400,5,FALSE())="","",VLOOKUP($C1352,st!$B$2:$F$400,5,FALSE())),""))),"") | H1352: ORIGINAL CABLE | I1352: S2 | J1352: 12.69 | K1352: =ROUNDUP(J1352,0) -> 13 | L1352: (=101.1++1060+-101.1U03) | M1352: EXAUST DIESEL GENERATOR FORE | N1352: 1060 | O1352: ENGINE ROOM / SALLE DES MACHINES | P1352: (=101.1++1060+-101.1U02) | Q1352: SCR PANEL DIESEL GENERATOR FORE 10610E03 | S1352: 1060 | T1352: ENGINE ROOM / SALLE DES MACHINES | U1352: 1060S009X02N,1060S012X16N,1060S012X14N,1060S012X13N | W1352: LOCAL | X1352: WK39/2024 NEW CABLE | Y1352: 1060S009X02N | Z1352: 1060S012X13N
A1353: NAUTICS | C1353: 101.1W0018 | D1353: =IFERROR(IF($A1353="HDC",IF(VLOOKUP($C1353,hdc!$B$2:$F$1600,2,FALSE())="","",VLOOKUP($C1353,hdc!$B$2:$F$1600,2,FALSE())),IF($A1353="NAUTICS",IF(VLOOKUP($C1353,nautics!$B$2:$F$1200,2,FALSE())="","",VLOOKUP($C1353,nautics!$B$2:$F$1200,2,FALSE())),IF($A1353="ST",IF(VLOOKUP($C1353,st!$B$2:$F$400,2,FALSE())="","",VLOOKUP($C1353,st!$B$2:$F$400,2,FALSE())),""))),"") | E1353: =IFERROR(IF($A1353="HDC",IF(VLOOKUP($C1353,hdc!$B$2:$F$1600,3,FALSE())="","",VLOOKUP($C1353,hdc!$B$2:$F$1600,3,FALSE())),IF($A1353="NAUTICS",IF(VLOOKUP($C1353,nautics!$B$2:$F$1200,3,FALSE())="","",VLOOKUP($C1353,nautics!$B$2:$F$1200,3,FALSE())),IF($A1353="ST",IF(VLOOKUP($C1353,st!$B$2:$F$400,3,FALSE())="","",VLOOKUP($C1353,st!$B$2:$F$400,3,FALSE())),""))),"") | F1353: =IFERROR(IF($A1353="HDC",IF(VLOOKUP($C1353,hdc!$B$2:$F$1600,4,FALSE())="","",VLOOKUP($C1353,hdc!$B$2:$F$1600,4,FALSE())),IF($A1353="NAUTICS",IF(VLOOKUP($C1353,nautics!$B$2:$F$1200,4,FALSE())="","",VLOOKUP($C1353,nautics!$B$2:$F$1200,4,FALSE())),IF($A1353="ST",IF(VLOOKUP($C1353,st!$B$2:$F$400,4,FALSE())="","",VLOOKUP($C1353,st!$B$2:$F$400,4,FALSE())),""))),"") | G1353: =IFERROR(IF($A1353="HDC",IF(VLOOKUP($C1353,hdc!$B$2:$F$1600,5,FALSE())="","",VLOOKUP($C1353,hdc!$B$2:$F$1600,5,FALSE())),IF($A1353="NAUTICS",IF(VLOOKUP($C1353,nautics!$B$2:$F$1200,5,FALSE())="","",VLOOKUP($C1353,nautics!$B$2:$F$1200,5,FALSE())),IF($A1353="ST",IF(VLOOKUP($C1353,st!$B$2:$F$400,5,FALSE())="","",VLOOKUP($C1353,st!$B$2:$F$400,5,FALSE())),""))),"") | H1353: ORIGINAL CABLE | I1353: S2 | J1353: 12.69 | K1353: =ROUNDUP(J1353,0) -> 13 | L1353: (=101.1++1060+-101.1U03) | M1353: EXAUST DIESEL GENERATOR FORE | N1353: 1060 | O1353: ENGINE ROOM / SALLE DES MACHINES | P1353: (=101.1++1060+-101.1U02) | Q1353: SCR PANEL DIESEL GENERATOR FORE 10610E03 | S1353: 1060 | T1353: ENGINE ROOM / SALLE DES MACHINES | U1353: 1060S009X02N,1060S012X16N,1060S012X14N,1060S012X13N | W1353: LOCAL | X1353: WK39/2024 NEW CABLE | Y1353: 1060S009X02N | Z1353: 1060S012X13N
A1354: NAUTICS | C1354: 101.1W0019 | D1354: =IFERROR(IF($A1354="HDC",IF(VLOOKUP($C1354,hdc!$B$2:$F$1600,2,FALSE())="","",VLOOKUP($C1354,hdc!$B$2:$F$1600,2,FALSE())),IF($A1354="NAUTICS",IF(VLOOKUP($C1354,nautics!$B$2:$F$1200,2,FALSE())="","",VLOOKUP($C1354,nautics!$B$2:$F$1200,2,FALSE())),IF($A1354="ST",IF(VLOOKUP($C1354,st!$B$2:$F$400,2,FALSE())="","",VLOOKUP($C1354,st!$B$2:$F$400,2,FALSE())),""))),"") | E1354: =IFERROR(IF($A1354="HDC",IF(VLOOKUP($C1354,hdc!$B$2:$F$1600,3,FALSE())="","",VLOOKUP($C1354,hdc!$B$2:$F$1600,3,FALSE())),IF($A1354="NAUTICS",IF(VLOOKUP($C1354,nautics!$B$2:$F$1200,3,FALSE())="","",VLOOKUP($C1354,nautics!$B$2:$F$1200,3,FALSE())),IF($A1354="ST",IF(VLOOKUP($C1354,st!$B$2:$F$400,3,FALSE())="","",VLOOKUP($C1354,st!$B$2:$F$400,3,FALSE())),""))),"") | F1354: =IFERROR(IF($A1354="HDC",IF(VLOOKUP($C1354,hdc!$B$2:$F$1600,4,FALSE())="","",VLOOKUP($C1354,hdc!$B$2:$F$1600,4,FALSE())),IF($A1354="NAUTICS",IF(VLOOKUP($C1354,nautics!$B$2:$F$1200,4,FALSE())="","",VLOOKUP($C1354,nautics!$B$2:$F$1200,4,FALSE())),IF($A1354="ST",IF(VLOOKUP($C1354,st!$B$2:$F$400,4,FALSE())="","",VLOOKUP($C1354,st!$B$2:$F$400,4,FALSE())),""))),"") | G1354: =IFERROR(IF($A1354="HDC",IF(VLOOKUP($C1354,hdc!$B$2:$F$1600,5,FALSE())="","",VLOOKUP($C1354,hdc!$B$2:$F$1600,5,FALSE())),IF($A1354="NAUTICS",IF(VLOOKUP($C1354,nautics!$B$2:$F$1200,5,FALSE())="","",VLOOKUP($C1354,nautics!$B$2:$F$1200,5,FALSE())),IF($A1354="ST",IF(VLOOKUP($C1354,st!$B$2:$F$400,5,FALSE())="","",VLOOKUP($C1354,st!$B$2:$F$400,5,FALSE())),""))),"") | H1354: ORIGINAL CABLE | I1354: S2 | J1354: 12.69 | K1354: =ROUNDUP(J1354,0) -> 13 | L1354: (=101.1++1060+-101.1U03) | M1354: EXAUST DIESEL GENERATOR FORE | N1354: 1060 | O1354: ENGINE ROOM / SALLE DES MACHINES | P1354: (=101.1++1060+-101.1U02) | Q1354: SCR PANEL DIESEL GENERATOR FORE 10610E03 | S1354: 1060 | T1354: ENGINE ROOM / SALLE DES MACHINES | U1354: 1060S009X02N,1060S012X16N,1060S012X14N,1060S012X13N | W1354: LOCAL | X1354: WK39/2024 NEW CABLE | Y1354: 1060S009X02N | Z1354: 1060S012X13N
A1355: NAUTICS | C1355: 101.1W0020 | D1355: =IFERROR(IF($A1355="HDC",IF(VLOOKUP($C1355,hdc!$B$2:$F$1600,2,FALSE())="","",VLOOKUP($C1355,hdc!$B$2:$F$1600,2,FALSE())),IF($A1355="NAUTICS",IF(VLOOKUP($C1355,nautics!$B$2:$F$1200,2,FALSE())="","",VLOOKUP($C1355,nautics!$B$2:$F$1200,2,FALSE())),IF($A1355="ST",IF(VLOOKUP($C1355,st!$B$2:$F$400,2,FALSE())="","",VLOOKUP($C1355,st!$B$2:$F$400,2,FALSE())),""))),"") | E1355: =IFERROR(IF($A1355="HDC",IF(VLOOKUP($C1355,hdc!$B$2:$F$1600,3,FALSE())="","",VLOOKUP($C1355,hdc!$B$2:$F$1600,3,FALSE())),IF($A1355="NAUTICS",IF(VLOOKUP($C1355,nautics!$B$2:$F$1200,3,FALSE())="","",VLOOKUP($C1355,nautics!$B$2:$F$1200,3,FALSE())),IF($A1355="ST",IF(VLOOKUP($C1355,st!$B$2:$F$400,3,FALSE())="","",VLOOKUP($C1355,st!$B$2:$F$400,3,FALSE())),""))),"") | F1355: =IFERROR(IF($A1355="HDC",IF(VLOOKUP($C1355,hdc!$B$2:$F$1600,4,FALSE())="","",VLOOKUP($C1355,hdc!$B$2:$F$1600,4,FALSE())),IF($A1355="NAUTICS",IF(VLOOKUP($C1355,nautics!$B$2:$F$1200,4,FALSE())="","",VLOOKUP($C1355,nautics!$B$2:$F$1200,4,FALSE())),IF($A1355="ST",IF(VLOOKUP($C1355,st!$B$2:$F$400,4,FALSE())="","",VLOOKUP($C1355,st!$B$2:$F$400,4,FALSE())),""))),"") | G1355: =IFERROR(IF($A1355="HDC",IF(VLOOKUP($C1355,hdc!$B$2:$F$1600,5,FALSE())="","",VLOOKUP($C1355,hdc!$B$2:$F$1600,5,FALSE())),IF($A1355="NAUTICS",IF(VLOOKUP($C1355,nautics!$B$2:$F$1200,5,FALSE())="","",VLOOKUP($C1355,nautics!$B$2:$F$1200,5,FALSE())),IF($A1355="ST",IF(VLOOKUP($C1355,st!$B$2:$F$400,5,FALSE())="","",VLOOKUP($C1355,st!$B$2:$F$400,5,FALSE())),""))),"") | H1355: ORIGINAL CABLE | I1355: S2 | J1355: 16.77 | K1355: =ROUNDUP(J1355,0) -> 17 | L1355: (=101.1++1060+-101.1U04) | M1355: DEF TANK DIESEL GENERATOR FORE 11210E03 | N1355: 1060 | O1355: ENGINE ROOM / SALLE DES MACHINES | P1355: (=101.1++1060+-101.1U02) | Q1355: SCR PANEL DIESEL GENERATOR FORE 10610E03 | S1355: 1060 | T1355: ENGINE ROOM / SALLE DES MACHINES | U1355: 1060S009X02N,1060S012X16N,1060S012X14N,1060S012X13N | W1355: LOCAL | X1355: WK39/2024 NEW CABLE | Y1355: 1060S009X02N | Z1355: 1060S012X13N
A1356: NAUTICS | C1356: 101.1W0021 | D1356: =IFERROR(IF($A1356="HDC",IF(VLOOKUP($C1356,hdc!$B$2:$F$1600,2,FALSE())="","",VLOOKUP($C1356,hdc!$B$2:$F$1600,2,FALSE())),IF($A1356="NAUTICS",IF(VLOOKUP($C1356,nautics!$B$2:$F$1200,2,FALSE())="","",VLOOKUP($C1356,nautics!$B$2:$F$1200,2,FALSE())),IF($A1356="ST",IF(VLOOKUP($C1356,st!$B$2:$F$400,2,FALSE())="","",VLOOKUP($C1356,st!$B$2:$F$400,2,FALSE())),""))),"") | E1356: =IFERROR(IF($A1356="HDC",IF(VLOOKUP($C1356,hdc!$B$2:$F$1600,3,FALSE())="","",VLOOKUP($C1356,hdc!$B$2:$F$1600,3,FALSE())),IF($A1356="NAUTICS",IF(VLOOKUP($C1356,nautics!$B$2:$F$1200,3,FALSE())="","",VLOOKUP($C1356,nautics!$B$2:$F$1200,3,FALSE())),IF($A1356="ST",IF(VLOOKUP($C1356,st!$B$2:$F$400,3,FALSE())="","",VLOOKUP($C1356,st!$B$2:$F$400,3,FALSE())),""))),"") | F1356: =IFERROR(IF($A1356="HDC",IF(VLOOKUP($C1356,hdc!$B$2:$F$1600,4,FALSE())="","",VLOOKUP($C1356,hdc!$B$2:$F$1600,4,FALSE())),IF($A1356="NAUTICS",IF(VLOOKUP($C1356,nautics!$B$2:$F$1200,4,FALSE())="","",VLOOKUP($C1356,nautics!$B$2:$F$1200,4,FALSE())),IF($A1356="ST",IF(VLOOKUP($C1356,st!$B$2:$F$400,4,FALSE())="","",VLOOKUP($C1356,st!$B$2:$F$400,4,FALSE())),""))),"") | G1356: =IFERROR(IF($A1356="HDC",IF(VLOOKUP($C1356,hdc!$B$2:$F$1600,5,FALSE())="","",VLOOKUP($C1356,hdc!$B$2:$F$1600,5,FALSE())),IF($A1356="NAUTICS",IF(VLOOKUP($C1356,nautics!$B$2:$F$1200,5,FALSE())="","",VLOOKUP($C1356,nautics!$B$2:$F$1200,5,FALSE())),IF($A1356="ST",IF(VLOOKUP($C1356,st!$B$2:$F$400,5,FALSE())="","",VLOOKUP($C1356,st!$B$2:$F$400,5,FALSE())),""))),"") | H1356: ORIGINAL CABLE | I1356: S2 | J1356: 15.19 | K1356: =ROUNDUP(J1356,0) -> 16 | L1356: (=101.1++1060+-101.1U05) | M1356: DEF PUMP DIESEL GENERATOR FORE 11210P03 | N1356: 1060 | O1356: ENGINE ROOM / SALLE DES MACHINES | P1356: (=101.1++1060+-101.1U02) | Q1356: SCR PANEL DIESEL GENERATOR FORE 10610E03 | S1356: 1060 | T1356: ENGINE ROOM / SALLE DES MACHINES | U1356: 1060S012X12N,1060S012X11N,1060S012X02N,1060S012X16N,1060S012X14N,1060S012X13N | W1356: LOCAL | X1356: WK39/2024 NEW CABLE | Y1356: 1060S012X12N | Z1356: 1060S012X13N
